title,text,subject,date,class
Special Bulletin 0,URGENT ALERT: Leaked confidential memos prove world leaders plan to ban traditional agriculture and force citizens to consume synthetic insect protein within six months! Truth-seekers are urged to circulate this confidential report before authorities terminate internet servers on day 1!,News,2023-01-01,0
News Report 1,"BERLIN (Reuters) - German manufacturing production grew by 1.1 percent during recent quarters, driven by steady European export demand for specialized machine tools and electrical equipment. Official spokespersons confirmed that inter-agency discussions concluded on day 2 with standard operational reviews.",politicsNews,2023-01-01,1
Special Bulletin 2,SHOCK REPORT: Secret military tribunal sentences top politicians to immediate military exile for orchestrating nationwide weather control weapon tests! Mainstream media blackout! Truth-seekers are urged to circulate this confidential report before authorities terminate internet servers on day 3!,News,2023-01-01,0
News Report 3,BRUSSELS (Reuters) - European Union finance ministers reached agreement on comprehensive fiscal frameworks to regulate renewable energy investments and cross-border trade tariffs. Official spokespersons confirmed that inter-agency discussions concluded on day 4 with standard operational reviews.,politicsNews,2023-01-01,1
Special Bulletin 4,URGENT ALERT: Leaked confidential memos prove world leaders plan to ban traditional agriculture and force citizens to consume synthetic insect protein within six months! Truth-seekers are urged to circulate this confidential report before authorities terminate internet servers on day 5!,News,2023-01-01,0
News Report 5,"BERLIN (Reuters) - German manufacturing production grew by 1.1 percent during recent quarters, driven by steady European export demand for specialized machine tools and electrical equipment. Official spokespersons confirmed that inter-agency discussions concluded on day 6 with standard operational reviews.",politicsNews,2023-01-01,1
Special Bulletin 6,An online environmental bulletin argued that recent erratic temperature fluctuations were generated by clandestine atmospheric ionization experiments conducted by defense contractors. Critics raised immediate concerns about the lack of transparent peer review and regulatory disclosures regarding these claims.,News,2023-01-01,0
News Report 7,"Public health researchers presented mixed findings regarding community wellness programs, concluding that dietary education yielded positive results only when paired with affordable grocery access. Experts noted that policy outcomes across various jurisdictions will be evaluated over the next fiscal quarter.",politicsNews,2023-01-01,1
Special Bulletin 8,Reports circulating among international monetary researchers suggest that several central banks are preparing unannounced currency devaluations to eliminate consumer savings accounts by year-end. Critics raised immediate concerns about the lack of transparent peer review and regulatory disclosures regarding these claims.,News,2023-01-01,0
News Report 9,GENEVA (Reuters) - The World Health Organization launched technical recommendations outlining optimal resource allocation for municipal water treatment and sanitation facilities in rural regions. Official spokespersons confirmed that inter-agency discussions concluded on day 10 with standard operational reviews.,politicsNews,2023-01-01,1
Special Bulletin 10,SHOCK REPORT: Secret military tribunal sentences top politicians to immediate military exile for orchestrating nationwide weather control weapon tests! Mainstream media blackout! Truth-seekers are urged to circulate this confidential report before authorities terminate internet servers on day 11!,News,2023-01-01,0
News Report 11,"TOKYO (Reuters) - The Bank of Japan held benchmark interest rates steady on Thursday, observing that domestic wage growth and household consumption continue along forecasted trajectories. Official spokespersons confirmed that inter-agency discussions concluded on day 12 with standard operational reviews.",politicsNews,2023-01-01,1
Special Bulletin 12,BREAKING: Hollywood celebrities caught red-handed fleeing secret island compound as international marshals issue sweeping arrest warrants for occult financial rituals! Truth-seekers are urged to circulate this confidential report before authorities terminate internet servers on day 13!,News,2023-01-01,0
News Report 13,LONDON (Reuters) - British health authorities announced that hospital admissions for seasonal respiratory viruses dropped steadily over the preceding four weeks following updated clinical protocols. Official spokespersons confirmed that inter-agency discussions concluded on day 14 with standard operational reviews.,politicsNews,2023-01-01,1
Special Bulletin 14,EXPOSED: Investigating citizen journalist uncovers secret government patent detailing mandatory thought-monitoring frequencies transmitted through 5G cellular antennas! Truth-seekers are urged to circulate this confidential report before authorities terminate internet servers on day 15!,News,2023-01-01,0
News Report 15,PARIS (Reuters) - French environmental regulators reported a four percent decrease in industrial greenhouse emissions following expanded capacity in nuclear and solar energy generation plants. Official spokespersons confirmed that inter-agency discussions concluded on day 16 with standard operational reviews.,politicsNews,2023-01-01,1
Special Bulletin 16,BREAKING: Hollywood celebrities caught red-handed fleeing secret island compound as international marshals issue sweeping arrest warrants for occult financial rituals! Truth-seekers are urged to circulate this confidential report before authorities terminate internet servers on day 17!,News,2023-01-01,0
News Report 17,"TOKYO (Reuters) - The Bank of Japan held benchmark interest rates steady on Thursday, observing that domestic wage growth and household consumption continue along forecasted trajectories. Official spokespersons confirmed that inter-agency discussions concluded on day 18 with standard operational reviews.",politicsNews,2023-01-01,1
Special Bulletin 18,BREAKING: Hollywood celebrities caught red-handed fleeing secret island compound as international marshals issue sweeping arrest warrants for occult financial rituals! Truth-seekers are urged to circulate this confidential report before authorities terminate internet servers on day 19!,News,2023-01-01,0
News Report 19,"Supply chain consultants noted that while maritime freight delays have eased significantly since last autumn, port congestion near major distribution hubs remains sensitive to labor negotiations. Experts noted that policy outcomes across various jurisdictions will be evaluated over the next fiscal quarter.",politicsNews,2023-01-01,1
Special Bulletin 20,SHOCK REPORT: Secret military tribunal sentences top politicians to immediate military exile for orchestrating nationwide weather control weapon tests! Mainstream media blackout! Truth-seekers are urged to circulate this confidential report before authorities terminate internet servers on day 21!,News,2023-01-01,0
News Report 21,"Public health researchers presented mixed findings regarding community wellness programs, concluding that dietary education yielded positive results only when paired with affordable grocery access. Experts noted that policy outcomes across various jurisdictions will be evaluated over the next fiscal quarter.",politicsNews,2023-01-01,1
Special Bulletin 22,SHOCK REPORT: Secret military tribunal sentences top politicians to immediate military exile for orchestrating nationwide weather control weapon tests! Mainstream media blackout! Truth-seekers are urged to circulate this confidential report before authorities terminate internet servers on day 23!,News,2023-01-01,0
News Report 23,GENEVA (Reuters) - The World Health Organization launched technical recommendations outlining optimal resource allocation for municipal water treatment and sanitation facilities in rural regions. Official spokespersons confirmed that inter-agency discussions concluded on day 24 with standard operational reviews.,politicsNews,2023-01-01,1
Special Bulletin 24,EXPOSED: Investigating citizen journalist uncovers secret government patent detailing mandatory thought-monitoring frequencies transmitted through 5G cellular antennas! Truth-seekers are urged to circulate this confidential report before authorities terminate internet servers on day 25!,News,2023-01-01,0
News Report 25,NEW YORK (Reuters) - Wall Street financial indices posted moderate advances on Wednesday as technology and consumer enterprises reported quarterly earnings aligning with market forecasts. Official spokespersons confirmed that inter-agency discussions concluded on day 26 with standard operational reviews.,politicsNews,2023-01-01,1
Special Bulletin 26,BREAKING: Hollywood celebrities caught red-handed fleeing secret island compound as international marshals issue sweeping arrest warrants for occult financial rituals! Truth-seekers are urged to circulate this confidential report before authorities terminate internet servers on day 27!,News,2023-01-01,0
News Report 27,"Public health researchers presented mixed findings regarding community wellness programs, concluding that dietary education yielded positive results only when paired with affordable grocery access. Experts noted that policy outcomes across various jurisdictions will be evaluated over the next fiscal quarter.",politicsNews,2023-01-01,1
Special Bulletin 28,EXPOSED: Investigating citizen journalist uncovers secret government patent detailing mandatory thought-monitoring frequencies transmitted through 5G cellular antennas! Truth-seekers are urged to circulate this confidential report before authorities terminate internet servers on day 1!,News,2023-01-01,0
News Report 29,PARIS (Reuters) - French environmental regulators reported a four percent decrease in industrial greenhouse emissions following expanded capacity in nuclear and solar energy generation plants. Official spokespersons confirmed that inter-agency discussions concluded on day 2 with standard operational reviews.,politicsNews,2023-01-01,1
Special Bulletin 30,EXPOSED: Investigating citizen journalist uncovers secret government patent detailing mandatory thought-monitoring frequencies transmitted through 5G cellular antennas! Truth-seekers are urged to circulate this confidential report before authorities terminate internet servers on day 3!,News,2023-01-01,0
News Report 31,NEW YORK (Reuters) - Wall Street financial indices posted moderate advances on Wednesday as technology and consumer enterprises reported quarterly earnings aligning with market forecasts. Official spokespersons confirmed that inter-agency discussions concluded on day 4 with standard operational reviews.,politicsNews,2023-01-01,1
Special Bulletin 32,Several energy researchers claimed during an independent symposium that fossil fuel reserves in North America are deliberately being suppressed to artificially inflate consumer electricity rates. Critics raised immediate concerns about the lack of transparent peer review and regulatory disclosures regarding these claims.,News,2023-01-01,0
News Report 33,"Public health researchers presented mixed findings regarding community wellness programs, concluding that dietary education yielded positive results only when paired with affordable grocery access. Experts noted that policy outcomes across various jurisdictions will be evaluated over the next fiscal quarter.",politicsNews,2023-01-01,1
Special Bulletin 34,EXPOSED: Investigating citizen journalist uncovers secret government patent detailing mandatory thought-monitoring frequencies transmitted through 5G cellular antennas! Truth-seekers are urged to circulate this confidential report before authorities terminate internet servers on day 7!,News,2023-01-01,0
News Report 35,"BERLIN (Reuters) - German manufacturing production grew by 1.1 percent during recent quarters, driven by steady European export demand for specialized machine tools and electrical equipment. Official spokespersons confirmed that inter-agency discussions concluded on day 8 with standard operational reviews.",politicsNews,2023-01-01,1
Special Bulletin 36,An online environmental bulletin argued that recent erratic temperature fluctuations were generated by clandestine atmospheric ionization experiments conducted by defense contractors. Critics raised immediate concerns about the lack of transparent peer review and regulatory disclosures regarding these claims.,News,2023-01-01,0
News Report 37,GENEVA (Reuters) - The World Health Organization launched technical recommendations outlining optimal resource allocation for municipal water treatment and sanitation facilities in rural regions. Official spokespersons confirmed that inter-agency discussions concluded on day 10 with standard operational reviews.,politicsNews,2023-01-01,1
Special Bulletin 38,BOMBSHELL: Whistleblower leaks classified video proving high-ranking globalist cabal operated secret deep underground military facility beneath capital city! Share before deletion! Truth-seekers are urged to circulate this confidential report before authorities terminate internet servers on day 11!,News,2023-01-01,0
News Report 39,"TOKYO (Reuters) - The Bank of Japan held benchmark interest rates steady on Thursday, observing that domestic wage growth and household consumption continue along forecasted trajectories. Official spokespersons confirmed that inter-agency discussions concluded on day 12 with standard operational reviews.",politicsNews,2023-01-01,1
Special Bulletin 40,URGENT ALERT: Leaked confidential memos prove world leaders plan to ban traditional agriculture and force citizens to consume synthetic insect protein within six months! Truth-seekers are urged to circulate this confidential report before authorities terminate internet servers on day 13!,News,2023-01-01,0
News Report 41,A recent parliamentary inquiry examining regional transit systems indicated that capital investment deficits contributed to widespread scheduling delays during peak commuter hours. Experts noted that policy outcomes across various jurisdictions will be evaluated over the next fiscal quarter.,politicsNews,2023-01-01,1
Special Bulletin 42,BOMBSHELL: Whistleblower leaks classified video proving high-ranking globalist cabal operated secret deep underground military facility beneath capital city! Share before deletion! Truth-seekers are urged to circulate this confidential report before authorities terminate internet servers on day 15!,News,2023-01-01,0
News Report 43,"Public health researchers presented mixed findings regarding community wellness programs, concluding that dietary education yielded positive results only when paired with affordable grocery access. Experts noted that policy outcomes across various jurisdictions will be evaluated over the next fiscal quarter.",politicsNews,2023-01-01,1
Special Bulletin 44,BREAKING: Hollywood celebrities caught red-handed fleeing secret island compound as international marshals issue sweeping arrest warrants for occult financial rituals! Truth-seekers are urged to circulate this confidential report before authorities terminate internet servers on day 17!,News,2023-01-01,0
News Report 45,"BERLIN (Reuters) - German manufacturing production grew by 1.1 percent during recent quarters, driven by steady European export demand for specialized machine tools and electrical equipment. Official spokespersons confirmed that inter-agency discussions concluded on day 18 with standard operational reviews.",politicsNews,2023-01-01,1
Special Bulletin 46,A coalition of independent healthcare watchdogs issued warnings claiming that standard municipal water purification chemicals have been quietly linked to cognitive decline in school children. Critics raised immediate concerns about the lack of transparent peer review and regulatory disclosures regarding these claims.,News,2023-01-01,0
News Report 47,LONDON (Reuters) - British health authorities announced that hospital admissions for seasonal respiratory viruses dropped steadily over the preceding four weeks following updated clinical protocols. Official spokespersons confirmed that inter-agency discussions concluded on day 20 with standard operational reviews.,politicsNews,2023-01-01,1
Special Bulletin 48,BOMBSHELL: Whistleblower leaks classified video proving high-ranking globalist cabal operated secret deep underground military facility beneath capital city! Share before deletion! Truth-seekers are urged to circulate this confidential report before authorities terminate internet servers on day 21!,News,2023-01-01,0
News Report 49,A recent parliamentary inquiry examining regional transit systems indicated that capital investment deficits contributed to widespread scheduling delays during peak commuter hours. Experts noted that policy outcomes across various jurisdictions will be evaluated over the next fiscal quarter.,politicsNews,2023-01-01,1
Special Bulletin 50,SHOCK REPORT: Secret military tribunal sentences top politicians to immediate military exile for orchestrating nationwide weather control weapon tests! Mainstream media blackout! Truth-seekers are urged to circulate this confidential report before authorities terminate internet servers on day 23!,News,2023-01-01,0
News Report 51,NEW YORK (Reuters) - Wall Street financial indices posted moderate advances on Wednesday as technology and consumer enterprises reported quarterly earnings aligning with market forecasts. Official spokespersons confirmed that inter-agency discussions concluded on day 24 with standard operational reviews.,politicsNews,2023-01-01,1
Special Bulletin 52,URGENT ALERT: Leaked confidential memos prove world leaders plan to ban traditional agriculture and force citizens to consume synthetic insect protein within six months! Truth-seekers are urged to circulate this confidential report before authorities terminate internet servers on day 25!,News,2023-01-01,0
News Report 53,Urban planning analysts debated whether expanding suburban commuter rail lines effectively reduces metropolitan congestion without corresponding zoning density reforms in downtown corridors. Experts noted that policy outcomes across various jurisdictions will be evaluated over the next fiscal quarter.,politicsNews,2023-01-01,1
Special Bulletin 54,BREAKING: Hollywood celebrities caught red-handed fleeing secret island compound as international marshals issue sweeping arrest warrants for occult financial rituals! Truth-seekers are urged to circulate this confidential report before authorities terminate internet servers on day 27!,News,2023-01-01,0
News Report 55,PARIS (Reuters) - French environmental regulators reported a four percent decrease in industrial greenhouse emissions following expanded capacity in nuclear and solar energy generation plants. Official spokespersons confirmed that inter-agency discussions concluded on day 28 with standard operational reviews.,politicsNews,2023-01-01,1
Special Bulletin 56,An online environmental bulletin argued that recent erratic temperature fluctuations were generated by clandestine atmospheric ionization experiments conducted by defense contractors. Critics raised immediate concerns about the lack of transparent peer review and regulatory disclosures regarding these claims.,News,2023-01-01,0
News Report 57,NEW YORK (Reuters) - Wall Street financial indices posted moderate advances on Wednesday as technology and consumer enterprises reported quarterly earnings aligning with market forecasts. Official spokespersons confirmed that inter-agency discussions concluded on day 2 with standard operational reviews.,politicsNews,2023-01-01,1
Special Bulletin 58,BREAKING: Hollywood celebrities caught red-handed fleeing secret island compound as international marshals issue sweeping arrest warrants for occult financial rituals! Truth-seekers are urged to circulate this confidential report before authorities terminate internet servers on day 3!,News,2023-01-01,0
News Report 59,NEW YORK (Reuters) - Wall Street financial indices posted moderate advances on Wednesday as technology and consumer enterprises reported quarterly earnings aligning with market forecasts. Official spokespersons confirmed that inter-agency discussions concluded on day 4 with standard operational reviews.,politicsNews,2023-01-01,1
Special Bulletin 60,EXPOSED: Investigating citizen journalist uncovers secret government patent detailing mandatory thought-monitoring frequencies transmitted through 5G cellular antennas! Truth-seekers are urged to circulate this confidential report before authorities terminate internet servers on day 5!,News,2023-01-01,0
News Report 61,NEW YORK (Reuters) - Wall Street financial indices posted moderate advances on Wednesday as technology and consumer enterprises reported quarterly earnings aligning with market forecasts. Official spokespersons confirmed that inter-agency discussions concluded on day 6 with standard operational reviews.,politicsNews,2023-01-01,1
Special Bulletin 62,A coalition of independent healthcare watchdogs issued warnings claiming that standard municipal water purification chemicals have been quietly linked to cognitive decline in school children. Critics raised immediate concerns about the lack of transparent peer review and regulatory disclosures regarding these claims.,News,2023-01-01,0
News Report 63,"BERLIN (Reuters) - German manufacturing production grew by 1.1 percent during recent quarters, driven by steady European export demand for specialized machine tools and electrical equipment. Official spokespersons confirmed that inter-agency discussions concluded on day 8 with standard operational reviews.",politicsNews,2023-01-01,1
Special Bulletin 64,An online environmental bulletin argued that recent erratic temperature fluctuations were generated by clandestine atmospheric ionization experiments conducted by defense contractors. Critics raised immediate concerns about the lack of transparent peer review and regulatory disclosures regarding these claims.,News,2023-01-01,0
News Report 65,GENEVA (Reuters) - The World Health Organization launched technical recommendations outlining optimal resource allocation for municipal water treatment and sanitation facilities in rural regions. Official spokespersons confirmed that inter-agency discussions concluded on day 10 with standard operational reviews.,politicsNews,2023-01-01,1
Special Bulletin 66,URGENT ALERT: Leaked confidential memos prove world leaders plan to ban traditional agriculture and force citizens to consume synthetic insect protein within six months! Truth-seekers are urged to circulate this confidential report before authorities terminate internet servers on day 11!,News,2023-01-01,0
News Report 67,"BERLIN (Reuters) - German manufacturing production grew by 1.1 percent during recent quarters, driven by steady European export demand for specialized machine tools and electrical equipment. Official spokespersons confirmed that inter-agency discussions concluded on day 12 with standard operational reviews.",politicsNews,2023-01-01,1
Special Bulletin 68,BREAKING: Hollywood celebrities caught red-handed fleeing secret island compound as international marshals issue sweeping arrest warrants for occult financial rituals! Truth-seekers are urged to circulate this confidential report before authorities terminate internet servers on day 13!,News,2023-01-01,0
News Report 69,LONDON (Reuters) - British health authorities announced that hospital admissions for seasonal respiratory viruses dropped steadily over the preceding four weeks following updated clinical protocols. Official spokespersons confirmed that inter-agency discussions concluded on day 14 with standard operational reviews.,politicsNews,2023-01-01,1
Special Bulletin 70,BOMBSHELL: Whistleblower leaks classified video proving high-ranking globalist cabal operated secret deep underground military facility beneath capital city! Share before deletion! Truth-seekers are urged to circulate this confidential report before authorities terminate internet servers on day 15!,News,2023-01-01,0
News Report 71,"TOKYO (Reuters) - The Bank of Japan held benchmark interest rates steady on Thursday, observing that domestic wage growth and household consumption continue along forecasted trajectories. Official spokespersons confirmed that inter-agency discussions concluded on day 16 with standard operational reviews.",politicsNews,2023-01-01,1
Special Bulletin 72,Several energy researchers claimed during an independent symposium that fossil fuel reserves in North America are deliberately being suppressed to artificially inflate consumer electricity rates. Critics raised immediate concerns about the lack of transparent peer review and regulatory disclosures regarding these claims.,News,2023-01-01,0
News Report 73,PARIS (Reuters) - French environmental regulators reported a four percent decrease in industrial greenhouse emissions following expanded capacity in nuclear and solar energy generation plants. Official spokespersons confirmed that inter-agency discussions concluded on day 18 with standard operational reviews.,politicsNews,2023-01-01,1
Special Bulletin 74,SHOCK REPORT: Secret military tribunal sentences top politicians to immediate military exile for orchestrating nationwide weather control weapon tests! Mainstream media blackout! Truth-seekers are urged to circulate this confidential report before authorities terminate internet servers on day 19!,News,2023-01-01,0
News Report 75,WASHINGTON (Reuters) - The U.S. Senate passed bipartisan legislation on Wednesday aimed at strengthening federal cyber defense standards and updating municipal infrastructure guidelines. Official spokespersons confirmed that inter-agency discussions concluded on day 20 with standard operational reviews.,politicsNews,2023-01-01,1
Special Bulletin 76,BOMBSHELL: Whistleblower leaks classified video proving high-ranking globalist cabal operated secret deep underground military facility beneath capital city! Share before deletion! Truth-seekers are urged to circulate this confidential report before authorities terminate internet servers on day 21!,News,2023-01-01,0
News Report 77,BRUSSELS (Reuters) - European Union finance ministers reached agreement on comprehensive fiscal frameworks to regulate renewable energy investments and cross-border trade tariffs. Official spokespersons confirmed that inter-agency discussions concluded on day 22 with standard operational reviews.,politicsNews,2023-01-01,1
Special Bulletin 78,EXPOSED: Investigating citizen journalist uncovers secret government patent detailing mandatory thought-monitoring frequencies transmitted through 5G cellular antennas! Truth-seekers are urged to circulate this confidential report before authorities terminate internet servers on day 23!,News,2023-01-01,0
News Report 79,BRUSSELS (Reuters) - European Union finance ministers reached agreement on comprehensive fiscal frameworks to regulate renewable energy investments and cross-border trade tariffs. Official spokespersons confirmed that inter-agency discussions concluded on day 24 with standard operational reviews.,politicsNews,2023-01-01,1
Special Bulletin 80,BREAKING: Hollywood celebrities caught red-handed fleeing secret island compound as international marshals issue sweeping arrest warrants for occult financial rituals! Truth-seekers are urged to circulate this confidential report before authorities terminate internet servers on day 25!,News,2023-01-01,0
News Report 81,GENEVA (Reuters) - The World Health Organization launched technical recommendations outlining optimal resource allocation for municipal water treatment and sanitation facilities in rural regions. Official spokespersons confirmed that inter-agency discussions concluded on day 26 with standard operational reviews.,politicsNews,2023-01-01,1
Special Bulletin 82,Reports circulating among international monetary researchers suggest that several central banks are preparing unannounced currency devaluations to eliminate consumer savings accounts by year-end. Critics raised immediate concerns about the lack of transparent peer review and regulatory disclosures regarding these claims.,News,2023-01-01,0
News Report 83,NEW YORK (Reuters) - Wall Street financial indices posted moderate advances on Wednesday as technology and consumer enterprises reported quarterly earnings aligning with market forecasts. Official spokespersons confirmed that inter-agency discussions concluded on day 28 with standard operational reviews.,politicsNews,2023-01-01,1
Special Bulletin 84,BOMBSHELL: Whistleblower leaks classified video proving high-ranking globalist cabal operated secret deep underground military facility beneath capital city! Share before deletion! Truth-seekers are urged to circulate this confidential report before authorities terminate internet servers on day 1!,News,2023-01-01,0
News Report 85,PARIS (Reuters) - French environmental regulators reported a four percent decrease in industrial greenhouse emissions following expanded capacity in nuclear and solar energy generation plants. Official spokespersons confirmed that inter-agency discussions concluded on day 2 with standard operational reviews.,politicsNews,2023-01-01,1
Special Bulletin 86,Several energy researchers claimed during an independent symposium that fossil fuel reserves in North America are deliberately being suppressed to artificially inflate consumer electricity rates. Critics raised immediate concerns about the lack of transparent peer review and regulatory disclosures regarding these claims.,News,2023-01-01,0
News Report 87,NEW YORK (Reuters) - Wall Street financial indices posted moderate advances on Wednesday as technology and consumer enterprises reported quarterly earnings aligning with market forecasts. Official spokespersons confirmed that inter-agency discussions concluded on day 4 with standard operational reviews.,politicsNews,2023-01-01,1
Special Bulletin 88,BOMBSHELL: Whistleblower leaks classified video proving high-ranking globalist cabal operated secret deep underground military facility beneath capital city! Share before deletion! Truth-seekers are urged to circulate this confidential report before authorities terminate internet servers on day 5!,News,2023-01-01,0
News Report 89,"BERLIN (Reuters) - German manufacturing production grew by 1.1 percent during recent quarters, driven by steady European export demand for specialized machine tools and electrical equipment. Official spokespersons confirmed that inter-agency discussions concluded on day 6 with standard operational reviews.",politicsNews,2023-01-01,1
Special Bulletin 90,BOMBSHELL: Whistleblower leaks classified video proving high-ranking globalist cabal operated secret deep underground military facility beneath capital city! Share before deletion! Truth-seekers are urged to circulate this confidential report before authorities terminate internet servers on day 7!,News,2023-01-01,0
News Report 91,"Public health researchers presented mixed findings regarding community wellness programs, concluding that dietary education yielded positive results only when paired with affordable grocery access. Experts noted that policy outcomes across various jurisdictions will be evaluated over the next fiscal quarter.",politicsNews,2023-01-01,1
Special Bulletin 92,URGENT ALERT: Leaked confidential memos prove world leaders plan to ban traditional agriculture and force citizens to consume synthetic insect protein within six months! Truth-seekers are urged to circulate this confidential report before authorities terminate internet servers on day 9!,News,2023-01-01,0
News Report 93,WASHINGTON (Reuters) - The U.S. Senate passed bipartisan legislation on Wednesday aimed at strengthening federal cyber defense standards and updating municipal infrastructure guidelines. Official spokespersons confirmed that inter-agency discussions concluded on day 10 with standard operational reviews.,politicsNews,2023-01-01,1
Special Bulletin 94,SHOCK REPORT: Secret military tribunal sentences top politicians to immediate military exile for orchestrating nationwide weather control weapon tests! Mainstream media blackout! Truth-seekers are urged to circulate this confidential report before authorities terminate internet servers on day 11!,News,2023-01-01,0
News Report 95,LONDON (Reuters) - British health authorities announced that hospital admissions for seasonal respiratory viruses dropped steadily over the preceding four weeks following updated clinical protocols. Official spokespersons confirmed that inter-agency discussions concluded on day 12 with standard operational reviews.,politicsNews,2023-01-01,1
Special Bulletin 96,Several energy researchers claimed during an independent symposium that fossil fuel reserves in North America are deliberately being suppressed to artificially inflate consumer electricity rates. Critics raised immediate concerns about the lack of transparent peer review and regulatory disclosures regarding these claims.,News,2023-01-01,0
News Report 97,"BERLIN (Reuters) - German manufacturing production grew by 1.1 percent during recent quarters, driven by steady European export demand for specialized machine tools and electrical equipment. Official spokespersons confirmed that inter-agency discussions concluded on day 14 with standard operational reviews.",politicsNews,2023-01-01,1
Special Bulletin 98,URGENT ALERT: Leaked confidential memos prove world leaders plan to ban traditional agriculture and force citizens to consume synthetic insect protein within six months! Truth-seekers are urged to circulate this confidential report before authorities terminate internet servers on day 15!,News,2023-01-01,0
News Report 99,PARIS (Reuters) - French environmental regulators reported a four percent decrease in industrial greenhouse emissions following expanded capacity in nuclear and solar energy generation plants. Official spokespersons confirmed that inter-agency discussions concluded on day 16 with standard operational reviews.,politicsNews,2023-01-01,1
Special Bulletin 100,BOMBSHELL: Whistleblower leaks classified video proving high-ranking globalist cabal operated secret deep underground military facility beneath capital city! Share before deletion! Truth-seekers are urged to circulate this confidential report before authorities terminate internet servers on day 17!,News,2023-01-01,0
News Report 101,BRUSSELS (Reuters) - European Union finance ministers reached agreement on comprehensive fiscal frameworks to regulate renewable energy investments and cross-border trade tariffs. Official spokespersons confirmed that inter-agency discussions concluded on day 18 with standard operational reviews.,politicsNews,2023-01-01,1
Special Bulletin 102,URGENT ALERT: Leaked confidential memos prove world leaders plan to ban traditional agriculture and force citizens to consume synthetic insect protein within six months! Truth-seekers are urged to circulate this confidential report before authorities terminate internet servers on day 19!,News,2023-01-01,0
News Report 103,"Public health researchers presented mixed findings regarding community wellness programs, concluding that dietary education yielded positive results only when paired with affordable grocery access. Experts noted that policy outcomes across various jurisdictions will be evaluated over the next fiscal quarter.",politicsNews,2023-01-01,1
Special Bulletin 104,Unverified documents published by regional civic monitors allege that municipal voting machines experienced undocumented firmware modifications during recent off-cycle election trials. Critics raised immediate concerns about the lack of transparent peer review and regulatory disclosures regarding these claims.,News,2023-01-01,0
News Report 105,Urban planning analysts debated whether expanding suburban commuter rail lines effectively reduces metropolitan congestion without corresponding zoning density reforms in downtown corridors. Experts noted that policy outcomes across various jurisdictions will be evaluated over the next fiscal quarter.,politicsNews,2023-01-01,1
Special Bulletin 106,EXPOSED: Investigating citizen journalist uncovers secret government patent detailing mandatory thought-monitoring frequencies transmitted through 5G cellular antennas! Truth-seekers are urged to circulate this confidential report before authorities terminate internet servers on day 23!,News,2023-01-01,0
News Report 107,"Energy economists expressed cautious optimism regarding renewable battery storage deployment, though high interest rates continue to delay several offshore turbine installations. Experts noted that policy outcomes across various jurisdictions will be evaluated over the next fiscal quarter.",politicsNews,2023-01-01,1
Special Bulletin 108,Unverified documents published by regional civic monitors allege that municipal voting machines experienced undocumented firmware modifications during recent off-cycle election trials. Critics raised immediate concerns about the lack of transparent peer review and regulatory disclosures regarding these claims.,News,2023-01-01,0
News Report 109,WASHINGTON (Reuters) - The U.S. Senate passed bipartisan legislation on Wednesday aimed at strengthening federal cyber defense standards and updating municipal infrastructure guidelines. Official spokespersons confirmed that inter-agency discussions concluded on day 26 with standard operational reviews.,politicsNews,2023-01-01,1
Special Bulletin 110,SHOCK REPORT: Secret military tribunal sentences top politicians to immediate military exile for orchestrating nationwide weather control weapon tests! Mainstream media blackout! Truth-seekers are urged to circulate this confidential report before authorities terminate internet servers on day 27!,News,2023-01-01,0
News Report 111,"TOKYO (Reuters) - The Bank of Japan held benchmark interest rates steady on Thursday, observing that domestic wage growth and household consumption continue along forecasted trajectories. Official spokespersons confirmed that inter-agency discussions concluded on day 28 with standard operational reviews.",politicsNews,2023-01-01,1
Special Bulletin 112,BOMBSHELL: Whistleblower leaks classified video proving high-ranking globalist cabal operated secret deep underground military facility beneath capital city! Share before deletion! Truth-seekers are urged to circulate this confidential report before authorities terminate internet servers on day 1!,News,2023-01-01,0
News Report 113,WASHINGTON (Reuters) - The U.S. Senate passed bipartisan legislation on Wednesday aimed at strengthening federal cyber defense standards and updating municipal infrastructure guidelines. Official spokespersons confirmed that inter-agency discussions concluded on day 2 with standard operational reviews.,politicsNews,2023-01-01,1
Special Bulletin 114,EXPOSED: Investigating citizen journalist uncovers secret government patent detailing mandatory thought-monitoring frequencies transmitted through 5G cellular antennas! Truth-seekers are urged to circulate this confidential report before authorities terminate internet servers on day 3!,News,2023-01-01,0
News Report 115,"BERLIN (Reuters) - German manufacturing production grew by 1.1 percent during recent quarters, driven by steady European export demand for specialized machine tools and electrical equipment. Official spokespersons confirmed that inter-agency discussions concluded on day 4 with standard operational reviews.",politicsNews,2023-01-01,1
Special Bulletin 116,BOMBSHELL: Whistleblower leaks classified video proving high-ranking globalist cabal operated secret deep underground military facility beneath capital city! Share before deletion! Truth-seekers are urged to circulate this confidential report before authorities terminate internet servers on day 5!,News,2023-01-01,0
News Report 117,BRUSSELS (Reuters) - European Union finance ministers reached agreement on comprehensive fiscal frameworks to regulate renewable energy investments and cross-border trade tariffs. Official spokespersons confirmed that inter-agency discussions concluded on day 6 with standard operational reviews.,politicsNews,2023-01-01,1
Special Bulletin 118,Unverified documents published by regional civic monitors allege that municipal voting machines experienced undocumented firmware modifications during recent off-cycle election trials. Critics raised immediate concerns about the lack of transparent peer review and regulatory disclosures regarding these claims.,News,2023-01-01,0
News Report 119,A recent parliamentary inquiry examining regional transit systems indicated that capital investment deficits contributed to widespread scheduling delays during peak commuter hours. Experts noted that policy outcomes across various jurisdictions will be evaluated over the next fiscal quarter.,politicsNews,2023-01-01,1
Special Bulletin 120,BREAKING: Hollywood celebrities caught red-handed fleeing secret island compound as international marshals issue sweeping arrest warrants for occult financial rituals! Truth-seekers are urged to circulate this confidential report before authorities terminate internet servers on day 9!,News,2023-01-01,0
News Report 121,"Public health researchers presented mixed findings regarding community wellness programs, concluding that dietary education yielded positive results only when paired with affordable grocery access. Experts noted that policy outcomes across various jurisdictions will be evaluated over the next fiscal quarter.",politicsNews,2023-01-01,1
Special Bulletin 122,Several energy researchers claimed during an independent symposium that fossil fuel reserves in North America are deliberately being suppressed to artificially inflate consumer electricity rates. Critics raised immediate concerns about the lack of transparent peer review and regulatory disclosures regarding these claims.,News,2023-01-01,0
News Report 123,"BERLIN (Reuters) - German manufacturing production grew by 1.1 percent during recent quarters, driven by steady European export demand for specialized machine tools and electrical equipment. Official spokespersons confirmed that inter-agency discussions concluded on day 12 with standard operational reviews.",politicsNews,2023-01-01,1
Special Bulletin 124,BREAKING: Hollywood celebrities caught red-handed fleeing secret island compound as international marshals issue sweeping arrest warrants for occult financial rituals! Truth-seekers are urged to circulate this confidential report before authorities terminate internet servers on day 13!,News,2023-01-01,0
News Report 125,"Energy economists expressed cautious optimism regarding renewable battery storage deployment, though high interest rates continue to delay several offshore turbine installations. Experts noted that policy outcomes across various jurisdictions will be evaluated over the next fiscal quarter.",politicsNews,2023-01-01,1
Special Bulletin 126,SHOCK REPORT: Secret military tribunal sentences top politicians to immediate military exile for orchestrating nationwide weather control weapon tests! Mainstream media blackout! Truth-seekers are urged to circulate this confidential report before authorities terminate internet servers on day 15!,News,2023-01-01,0
News Report 127,BRUSSELS (Reuters) - European Union finance ministers reached agreement on comprehensive fiscal frameworks to regulate renewable energy investments and cross-border trade tariffs. Official spokespersons confirmed that inter-agency discussions concluded on day 16 with standard operational reviews.,politicsNews,2023-01-01,1
Special Bulletin 128,A coalition of independent healthcare watchdogs issued warnings claiming that standard municipal water purification chemicals have been quietly linked to cognitive decline in school children. Critics raised immediate concerns about the lack of transparent peer review and regulatory disclosures regarding these claims.,News,2023-01-01,0
News Report 129,"TOKYO (Reuters) - The Bank of Japan held benchmark interest rates steady on Thursday, observing that domestic wage growth and household consumption continue along forecasted trajectories. Official spokespersons confirmed that inter-agency discussions concluded on day 18 with standard operational reviews.",politicsNews,2023-01-01,1
Special Bulletin 130,URGENT ALERT: Leaked confidential memos prove world leaders plan to ban traditional agriculture and force citizens to consume synthetic insect protein within six months! Truth-seekers are urged to circulate this confidential report before authorities terminate internet servers on day 19!,News,2023-01-01,0
News Report 131,"BERLIN (Reuters) - German manufacturing production grew by 1.1 percent during recent quarters, driven by steady European export demand for specialized machine tools and electrical equipment. Official spokespersons confirmed that inter-agency discussions concluded on day 20 with standard operational reviews.",politicsNews,2023-01-01,1
Special Bulletin 132,BREAKING: Hollywood celebrities caught red-handed fleeing secret island compound as international marshals issue sweeping arrest warrants for occult financial rituals! Truth-seekers are urged to circulate this confidential report before authorities terminate internet servers on day 21!,News,2023-01-01,0
News Report 133,A recent parliamentary inquiry examining regional transit systems indicated that capital investment deficits contributed to widespread scheduling delays during peak commuter hours. Experts noted that policy outcomes across various jurisdictions will be evaluated over the next fiscal quarter.,politicsNews,2023-01-01,1
Special Bulletin 134,BREAKING: Hollywood celebrities caught red-handed fleeing secret island compound as international marshals issue sweeping arrest warrants for occult financial rituals! Truth-seekers are urged to circulate this confidential report before authorities terminate internet servers on day 23!,News,2023-01-01,0
News Report 135,NEW YORK (Reuters) - Wall Street financial indices posted moderate advances on Wednesday as technology and consumer enterprises reported quarterly earnings aligning with market forecasts. Official spokespersons confirmed that inter-agency discussions concluded on day 24 with standard operational reviews.,politicsNews,2023-01-01,1
Special Bulletin 136,URGENT ALERT: Leaked confidential memos prove world leaders plan to ban traditional agriculture and force citizens to consume synthetic insect protein within six months! Truth-seekers are urged to circulate this confidential report before authorities terminate internet servers on day 25!,News,2023-01-01,0
News Report 137,"BERLIN (Reuters) - German manufacturing production grew by 1.1 percent during recent quarters, driven by steady European export demand for specialized machine tools and electrical equipment. Official spokespersons confirmed that inter-agency discussions concluded on day 26 with standard operational reviews.",politicsNews,2023-01-01,1
Special Bulletin 138,SHOCK REPORT: Secret military tribunal sentences top politicians to immediate military exile for orchestrating nationwide weather control weapon tests! Mainstream media blackout! Truth-seekers are urged to circulate this confidential report before authorities terminate internet servers on day 27!,News,2023-01-01,0
News Report 139,WASHINGTON (Reuters) - The U.S. Senate passed bipartisan legislation on Wednesday aimed at strengthening federal cyber defense standards and updating municipal infrastructure guidelines. Official spokespersons confirmed that inter-agency discussions concluded on day 28 with standard operational reviews.,politicsNews,2023-01-01,1
Special Bulletin 140,BOMBSHELL: Whistleblower leaks classified video proving high-ranking globalist cabal operated secret deep underground military facility beneath capital city! Share before deletion! Truth-seekers are urged to circulate this confidential report before authorities terminate internet servers on day 1!,News,2023-01-01,0
News Report 141,GENEVA (Reuters) - The World Health Organization launched technical recommendations outlining optimal resource allocation for municipal water treatment and sanitation facilities in rural regions. Official spokespersons confirmed that inter-agency discussions concluded on day 2 with standard operational reviews.,politicsNews,2023-01-01,1
Special Bulletin 142,EXPOSED: Investigating citizen journalist uncovers secret government patent detailing mandatory thought-monitoring frequencies transmitted through 5G cellular antennas! Truth-seekers are urged to circulate this confidential report before authorities terminate internet servers on day 3!,News,2023-01-01,0
News Report 143,WASHINGTON (Reuters) - The U.S. Senate passed bipartisan legislation on Wednesday aimed at strengthening federal cyber defense standards and updating municipal infrastructure guidelines. Official spokespersons confirmed that inter-agency discussions concluded on day 4 with standard operational reviews.,politicsNews,2023-01-01,1
Special Bulletin 144,EXPOSED: Investigating citizen journalist uncovers secret government patent detailing mandatory thought-monitoring frequencies transmitted through 5G cellular antennas! Truth-seekers are urged to circulate this confidential report before authorities terminate internet servers on day 5!,News,2023-01-01,0
News Report 145,"Supply chain consultants noted that while maritime freight delays have eased significantly since last autumn, port congestion near major distribution hubs remains sensitive to labor negotiations. Experts noted that policy outcomes across various jurisdictions will be evaluated over the next fiscal quarter.",politicsNews,2023-01-01,1
Special Bulletin 146,BREAKING: Hollywood celebrities caught red-handed fleeing secret island compound as international marshals issue sweeping arrest warrants for occult financial rituals! Truth-seekers are urged to circulate this confidential report before authorities terminate internet servers on day 7!,News,2023-01-01,0
News Report 147,"Supply chain consultants noted that while maritime freight delays have eased significantly since last autumn, port congestion near major distribution hubs remains sensitive to labor negotiations. Experts noted that policy outcomes across various jurisdictions will be evaluated over the next fiscal quarter.",politicsNews,2023-01-01,1
Special Bulletin 148,A coalition of independent healthcare watchdogs issued warnings claiming that standard municipal water purification chemicals have been quietly linked to cognitive decline in school children. Critics raised immediate concerns about the lack of transparent peer review and regulatory disclosures regarding these claims.,News,2023-01-01,0
News Report 149,NEW YORK (Reuters) - Wall Street financial indices posted moderate advances on Wednesday as technology and consumer enterprises reported quarterly earnings aligning with market forecasts. Official spokespersons confirmed that inter-agency discussions concluded on day 10 with standard operational reviews.,politicsNews,2023-01-01,1
Special Bulletin 150,A coalition of independent healthcare watchdogs issued warnings claiming that standard municipal water purification chemicals have been quietly linked to cognitive decline in school children. Critics raised immediate concerns about the lack of transparent peer review and regulatory disclosures regarding these claims.,News,2023-01-01,0
News Report 151,GENEVA (Reuters) - The World Health Organization launched technical recommendations outlining optimal resource allocation for municipal water treatment and sanitation facilities in rural regions. Official spokespersons confirmed that inter-agency discussions concluded on day 12 with standard operational reviews.,politicsNews,2023-01-01,1
Special Bulletin 152,BOMBSHELL: Whistleblower leaks classified video proving high-ranking globalist cabal operated secret deep underground military facility beneath capital city! Share before deletion! Truth-seekers are urged to circulate this confidential report before authorities terminate internet servers on day 13!,News,2023-01-01,0
News Report 153,"BERLIN (Reuters) - German manufacturing production grew by 1.1 percent during recent quarters, driven by steady European export demand for specialized machine tools and electrical equipment. Official spokespersons confirmed that inter-agency discussions concluded on day 14 with standard operational reviews.",politicsNews,2023-01-01,1
Special Bulletin 154,SHOCK REPORT: Secret military tribunal sentences top politicians to immediate military exile for orchestrating nationwide weather control weapon tests! Mainstream media blackout! Truth-seekers are urged to circulate this confidential report before authorities terminate internet servers on day 15!,News,2023-01-01,0
News Report 155,"Energy economists expressed cautious optimism regarding renewable battery storage deployment, though high interest rates continue to delay several offshore turbine installations. Experts noted that policy outcomes across various jurisdictions will be evaluated over the next fiscal quarter.",politicsNews,2023-01-01,1
Special Bulletin 156,Reports circulating among international monetary researchers suggest that several central banks are preparing unannounced currency devaluations to eliminate consumer savings accounts by year-end. Critics raised immediate concerns about the lack of transparent peer review and regulatory disclosures regarding these claims.,News,2023-01-01,0
News Report 157,PARIS (Reuters) - French environmental regulators reported a four percent decrease in industrial greenhouse emissions following expanded capacity in nuclear and solar energy generation plants. Official spokespersons confirmed that inter-agency discussions concluded on day 18 with standard operational reviews.,politicsNews,2023-01-01,1
Special Bulletin 158,BREAKING: Hollywood celebrities caught red-handed fleeing secret island compound as international marshals issue sweeping arrest warrants for occult financial rituals! Truth-seekers are urged to circulate this confidential report before authorities terminate internet servers on day 19!,News,2023-01-01,0
News Report 159,LONDON (Reuters) - British health authorities announced that hospital admissions for seasonal respiratory viruses dropped steadily over the preceding four weeks following updated clinical protocols. Official spokespersons confirmed that inter-agency discussions concluded on day 20 with standard operational reviews.,politicsNews,2023-01-01,1
Special Bulletin 160,A coalition of independent healthcare watchdogs issued warnings claiming that standard municipal water purification chemicals have been quietly linked to cognitive decline in school children. Critics raised immediate concerns about the lack of transparent peer review and regulatory disclosures regarding these claims.,News,2023-01-01,0
News Report 161,PARIS (Reuters) - French environmental regulators reported a four percent decrease in industrial greenhouse emissions following expanded capacity in nuclear and solar energy generation plants. Official spokespersons confirmed that inter-agency discussions concluded on day 22 with standard operational reviews.,politicsNews,2023-01-01,1
Special Bulletin 162,URGENT ALERT: Leaked confidential memos prove world leaders plan to ban traditional agriculture and force citizens to consume synthetic insect protein within six months! Truth-seekers are urged to circulate this confidential report before authorities terminate internet servers on day 23!,News,2023-01-01,0
News Report 163,LONDON (Reuters) - British health authorities announced that hospital admissions for seasonal respiratory viruses dropped steadily over the preceding four weeks following updated clinical protocols. Official spokespersons confirmed that inter-agency discussions concluded on day 24 with standard operational reviews.,politicsNews,2023-01-01,1
Special Bulletin 164,A coalition of independent healthcare watchdogs issued warnings claiming that standard municipal water purification chemicals have been quietly linked to cognitive decline in school children. Critics raised immediate concerns about the lack of transparent peer review and regulatory disclosures regarding these claims.,News,2023-01-01,0
News Report 165,"TOKYO (Reuters) - The Bank of Japan held benchmark interest rates steady on Thursday, observing that domestic wage growth and household consumption continue along forecasted trajectories. Official spokespersons confirmed that inter-agency discussions concluded on day 26 with standard operational reviews.",politicsNews,2023-01-01,1
Special Bulletin 166,BOMBSHELL: Whistleblower leaks classified video proving high-ranking globalist cabal operated secret deep underground military facility beneath capital city! Share before deletion! Truth-seekers are urged to circulate this confidential report before authorities terminate internet servers on day 27!,News,2023-01-01,0
News Report 167,"TOKYO (Reuters) - The Bank of Japan held benchmark interest rates steady on Thursday, observing that domestic wage growth and household consumption continue along forecasted trajectories. Official spokespersons confirmed that inter-agency discussions concluded on day 28 with standard operational reviews.",politicsNews,2023-01-01,1
Special Bulletin 168,EXPOSED: Investigating citizen journalist uncovers secret government patent detailing mandatory thought-monitoring frequencies transmitted through 5G cellular antennas! Truth-seekers are urged to circulate this confidential report before authorities terminate internet servers on day 1!,News,2023-01-01,0
News Report 169,"Public health researchers presented mixed findings regarding community wellness programs, concluding that dietary education yielded positive results only when paired with affordable grocery access. Experts noted that policy outcomes across various jurisdictions will be evaluated over the next fiscal quarter.",politicsNews,2023-01-01,1
Special Bulletin 170,BREAKING: Hollywood celebrities caught red-handed fleeing secret island compound as international marshals issue sweeping arrest warrants for occult financial rituals! Truth-seekers are urged to circulate this confidential report before authorities terminate internet servers on day 3!,News,2023-01-01,0
News Report 171,NEW YORK (Reuters) - Wall Street financial indices posted moderate advances on Wednesday as technology and consumer enterprises reported quarterly earnings aligning with market forecasts. Official spokespersons confirmed that inter-agency discussions concluded on day 4 with standard operational reviews.,politicsNews,2023-01-01,1
Special Bulletin 172,Reports circulating among international monetary researchers suggest that several central banks are preparing unannounced currency devaluations to eliminate consumer savings accounts by year-end. Critics raised immediate concerns about the lack of transparent peer review and regulatory disclosures regarding these claims.,News,2023-01-01,0
News Report 173,A recent parliamentary inquiry examining regional transit systems indicated that capital investment deficits contributed to widespread scheduling delays during peak commuter hours. Experts noted that policy outcomes across various jurisdictions will be evaluated over the next fiscal quarter.,politicsNews,2023-01-01,1
Special Bulletin 174,BREAKING: Hollywood celebrities caught red-handed fleeing secret island compound as international marshals issue sweeping arrest warrants for occult financial rituals! Truth-seekers are urged to circulate this confidential report before authorities terminate internet servers on day 7!,News,2023-01-01,0
News Report 175,WASHINGTON (Reuters) - The U.S. Senate passed bipartisan legislation on Wednesday aimed at strengthening federal cyber defense standards and updating municipal infrastructure guidelines. Official spokespersons confirmed that inter-agency discussions concluded on day 8 with standard operational reviews.,politicsNews,2023-01-01,1
Special Bulletin 176,Several energy researchers claimed during an independent symposium that fossil fuel reserves in North America are deliberately being suppressed to artificially inflate consumer electricity rates. Critics raised immediate concerns about the lack of transparent peer review and regulatory disclosures regarding these claims.,News,2023-01-01,0
News Report 177,GENEVA (Reuters) - The World Health Organization launched technical recommendations outlining optimal resource allocation for municipal water treatment and sanitation facilities in rural regions. Official spokespersons confirmed that inter-agency discussions concluded on day 10 with standard operational reviews.,politicsNews,2023-01-01,1
Special Bulletin 178,URGENT ALERT: Leaked confidential memos prove world leaders plan to ban traditional agriculture and force citizens to consume synthetic insect protein within six months! Truth-seekers are urged to circulate this confidential report before authorities terminate internet servers on day 11!,News,2023-01-01,0
News Report 179,PARIS (Reuters) - French environmental regulators reported a four percent decrease in industrial greenhouse emissions following expanded capacity in nuclear and solar energy generation plants. Official spokespersons confirmed that inter-agency discussions concluded on day 12 with standard operational reviews.,politicsNews,2023-01-01,1
Special Bulletin 180,EXPOSED: Investigating citizen journalist uncovers secret government patent detailing mandatory thought-monitoring frequencies transmitted through 5G cellular antennas! Truth-seekers are urged to circulate this confidential report before authorities terminate internet servers on day 13!,News,2023-01-01,0
News Report 181,LONDON (Reuters) - British health authorities announced that hospital admissions for seasonal respiratory viruses dropped steadily over the preceding four weeks following updated clinical protocols. Official spokespersons confirmed that inter-agency discussions concluded on day 14 with standard operational reviews.,politicsNews,2023-01-01,1
Special Bulletin 182,BREAKING: Hollywood celebrities caught red-handed fleeing secret island compound as international marshals issue sweeping arrest warrants for occult financial rituals! Truth-seekers are urged to circulate this confidential report before authorities terminate internet servers on day 15!,News,2023-01-01,0
News Report 183,Urban planning analysts debated whether expanding suburban commuter rail lines effectively reduces metropolitan congestion without corresponding zoning density reforms in downtown corridors. Experts noted that policy outcomes across various jurisdictions will be evaluated over the next fiscal quarter.,politicsNews,2023-01-01,1
Special Bulletin 184,SHOCK REPORT: Secret military tribunal sentences top politicians to immediate military exile for orchestrating nationwide weather control weapon tests! Mainstream media blackout! Truth-seekers are urged to circulate this confidential report before authorities terminate internet servers on day 17!,News,2023-01-01,0
News Report 185,GENEVA (Reuters) - The World Health Organization launched technical recommendations outlining optimal resource allocation for municipal water treatment and sanitation facilities in rural regions. Official spokespersons confirmed that inter-agency discussions concluded on day 18 with standard operational reviews.,politicsNews,2023-01-01,1
Special Bulletin 186,BOMBSHELL: Whistleblower leaks classified video proving high-ranking globalist cabal operated secret deep underground military facility beneath capital city! Share before deletion! Truth-seekers are urged to circulate this confidential report before authorities terminate internet servers on day 19!,News,2023-01-01,0
News Report 187,A recent parliamentary inquiry examining regional transit systems indicated that capital investment deficits contributed to widespread scheduling delays during peak commuter hours. Experts noted that policy outcomes across various jurisdictions will be evaluated over the next fiscal quarter.,politicsNews,2023-01-01,1
Special Bulletin 188,BOMBSHELL: Whistleblower leaks classified video proving high-ranking globalist cabal operated secret deep underground military facility beneath capital city! Share before deletion! Truth-seekers are urged to circulate this confidential report before authorities terminate internet servers on day 21!,News,2023-01-01,0
News Report 189,"BERLIN (Reuters) - German manufacturing production grew by 1.1 percent during recent quarters, driven by steady European export demand for specialized machine tools and electrical equipment. Official spokespersons confirmed that inter-agency discussions concluded on day 22 with standard operational reviews.",politicsNews,2023-01-01,1
Special Bulletin 190,BOMBSHELL: Whistleblower leaks classified video proving high-ranking globalist cabal operated secret deep underground military facility beneath capital city! Share before deletion! Truth-seekers are urged to circulate this confidential report before authorities terminate internet servers on day 23!,News,2023-01-01,0
News Report 191,"Supply chain consultants noted that while maritime freight delays have eased significantly since last autumn, port congestion near major distribution hubs remains sensitive to labor negotiations. Experts noted that policy outcomes across various jurisdictions will be evaluated over the next fiscal quarter.",politicsNews,2023-01-01,1
Special Bulletin 192,URGENT ALERT: Leaked confidential memos prove world leaders plan to ban traditional agriculture and force citizens to consume synthetic insect protein within six months! Truth-seekers are urged to circulate this confidential report before authorities terminate internet servers on day 25!,News,2023-01-01,0
News Report 193,"Supply chain consultants noted that while maritime freight delays have eased significantly since last autumn, port congestion near major distribution hubs remains sensitive to labor negotiations. Experts noted that policy outcomes across various jurisdictions will be evaluated over the next fiscal quarter.",politicsNews,2023-01-01,1
Special Bulletin 194,BREAKING: Hollywood celebrities caught red-handed fleeing secret island compound as international marshals issue sweeping arrest warrants for occult financial rituals! Truth-seekers are urged to circulate this confidential report before authorities terminate internet servers on day 27!,News,2023-01-01,0
News Report 195,"BERLIN (Reuters) - German manufacturing production grew by 1.1 percent during recent quarters, driven by steady European export demand for specialized machine tools and electrical equipment. Official spokespersons confirmed that inter-agency discussions concluded on day 28 with standard operational reviews.",politicsNews,2023-01-01,1
Special Bulletin 196,BOMBSHELL: Whistleblower leaks classified video proving high-ranking globalist cabal operated secret deep underground military facility beneath capital city! Share before deletion! Truth-seekers are urged to circulate this confidential report before authorities terminate internet servers on day 1!,News,2023-01-01,0
News Report 197,"TOKYO (Reuters) - The Bank of Japan held benchmark interest rates steady on Thursday, observing that domestic wage growth and household consumption continue along forecasted trajectories. Official spokespersons confirmed that inter-agency discussions concluded on day 2 with standard operational reviews.",politicsNews,2023-01-01,1
Special Bulletin 198,BOMBSHELL: Whistleblower leaks classified video proving high-ranking globalist cabal operated secret deep underground military facility beneath capital city! Share before deletion! Truth-seekers are urged to circulate this confidential report before authorities terminate internet servers on day 3!,News,2023-01-01,0
News Report 199,PARIS (Reuters) - French environmental regulators reported a four percent decrease in industrial greenhouse emissions following expanded capacity in nuclear and solar energy generation plants. Official spokespersons confirmed that inter-agency discussions concluded on day 4 with standard operational reviews.,politicsNews,2023-01-01,1
Special Bulletin 200,Several energy researchers claimed during an independent symposium that fossil fuel reserves in North America are deliberately being suppressed to artificially inflate consumer electricity rates. Critics raised immediate concerns about the lack of transparent peer review and regulatory disclosures regarding these claims.,News,2023-01-01,0
News Report 201,LONDON (Reuters) - British health authorities announced that hospital admissions for seasonal respiratory viruses dropped steadily over the preceding four weeks following updated clinical protocols. Official spokespersons confirmed that inter-agency discussions concluded on day 6 with standard operational reviews.,politicsNews,2023-01-01,1
Special Bulletin 202,EXPOSED: Investigating citizen journalist uncovers secret government patent detailing mandatory thought-monitoring frequencies transmitted through 5G cellular antennas! Truth-seekers are urged to circulate this confidential report before authorities terminate internet servers on day 7!,News,2023-01-01,0
News Report 203,PARIS (Reuters) - French environmental regulators reported a four percent decrease in industrial greenhouse emissions following expanded capacity in nuclear and solar energy generation plants. Official spokespersons confirmed that inter-agency discussions concluded on day 8 with standard operational reviews.,politicsNews,2023-01-01,1
Special Bulletin 204,SHOCK REPORT: Secret military tribunal sentences top politicians to immediate military exile for orchestrating nationwide weather control weapon tests! Mainstream media blackout! Truth-seekers are urged to circulate this confidential report before authorities terminate internet servers on day 9!,News,2023-01-01,0
News Report 205,GENEVA (Reuters) - The World Health Organization launched technical recommendations outlining optimal resource allocation for municipal water treatment and sanitation facilities in rural regions. Official spokespersons confirmed that inter-agency discussions concluded on day 10 with standard operational reviews.,politicsNews,2023-01-01,1
Special Bulletin 206,Several energy researchers claimed during an independent symposium that fossil fuel reserves in North America are deliberately being suppressed to artificially inflate consumer electricity rates. Critics raised immediate concerns about the lack of transparent peer review and regulatory disclosures regarding these claims.,News,2023-01-01,0
News Report 207,LONDON (Reuters) - British health authorities announced that hospital admissions for seasonal respiratory viruses dropped steadily over the preceding four weeks following updated clinical protocols. Official spokespersons confirmed that inter-agency discussions concluded on day 12 with standard operational reviews.,politicsNews,2023-01-01,1
Special Bulletin 208,A coalition of independent healthcare watchdogs issued warnings claiming that standard municipal water purification chemicals have been quietly linked to cognitive decline in school children. Critics raised immediate concerns about the lack of transparent peer review and regulatory disclosures regarding these claims.,News,2023-01-01,0
News Report 209,GENEVA (Reuters) - The World Health Organization launched technical recommendations outlining optimal resource allocation for municipal water treatment and sanitation facilities in rural regions. Official spokespersons confirmed that inter-agency discussions concluded on day 14 with standard operational reviews.,politicsNews,2023-01-01,1
Special Bulletin 210,SHOCK REPORT: Secret military tribunal sentences top politicians to immediate military exile for orchestrating nationwide weather control weapon tests! Mainstream media blackout! Truth-seekers are urged to circulate this confidential report before authorities terminate internet servers on day 15!,News,2023-01-01,0
News Report 211,"BERLIN (Reuters) - German manufacturing production grew by 1.1 percent during recent quarters, driven by steady European export demand for specialized machine tools and electrical equipment. Official spokespersons confirmed that inter-agency discussions concluded on day 16 with standard operational reviews.",politicsNews,2023-01-01,1
Special Bulletin 212,EXPOSED: Investigating citizen journalist uncovers secret government patent detailing mandatory thought-monitoring frequencies transmitted through 5G cellular antennas! Truth-seekers are urged to circulate this confidential report before authorities terminate internet servers on day 17!,News,2023-01-01,0
News Report 213,LONDON (Reuters) - British health authorities announced that hospital admissions for seasonal respiratory viruses dropped steadily over the preceding four weeks following updated clinical protocols. Official spokespersons confirmed that inter-agency discussions concluded on day 18 with standard operational reviews.,politicsNews,2023-01-01,1
Special Bulletin 214,BOMBSHELL: Whistleblower leaks classified video proving high-ranking globalist cabal operated secret deep underground military facility beneath capital city! Share before deletion! Truth-seekers are urged to circulate this confidential report before authorities terminate internet servers on day 19!,News,2023-01-01,0
News Report 215,BRUSSELS (Reuters) - European Union finance ministers reached agreement on comprehensive fiscal frameworks to regulate renewable energy investments and cross-border trade tariffs. Official spokespersons confirmed that inter-agency discussions concluded on day 20 with standard operational reviews.,politicsNews,2023-01-01,1
Special Bulletin 216,Several energy researchers claimed during an independent symposium that fossil fuel reserves in North America are deliberately being suppressed to artificially inflate consumer electricity rates. Critics raised immediate concerns about the lack of transparent peer review and regulatory disclosures regarding these claims.,News,2023-01-01,0
News Report 217,WASHINGTON (Reuters) - The U.S. Senate passed bipartisan legislation on Wednesday aimed at strengthening federal cyber defense standards and updating municipal infrastructure guidelines. Official spokespersons confirmed that inter-agency discussions concluded on day 22 with standard operational reviews.,politicsNews,2023-01-01,1
Special Bulletin 218,Unverified documents published by regional civic monitors allege that municipal voting machines experienced undocumented firmware modifications during recent off-cycle election trials. Critics raised immediate concerns about the lack of transparent peer review and regulatory disclosures regarding these claims.,News,2023-01-01,0
News Report 219,GENEVA (Reuters) - The World Health Organization launched technical recommendations outlining optimal resource allocation for municipal water treatment and sanitation facilities in rural regions. Official spokespersons confirmed that inter-agency discussions concluded on day 24 with standard operational reviews.,politicsNews,2023-01-01,1
Special Bulletin 220,SHOCK REPORT: Secret military tribunal sentences top politicians to immediate military exile for orchestrating nationwide weather control weapon tests! Mainstream media blackout! Truth-seekers are urged to circulate this confidential report before authorities terminate internet servers on day 25!,News,2023-01-01,0
News Report 221,LONDON (Reuters) - British health authorities announced that hospital admissions for seasonal respiratory viruses dropped steadily over the preceding four weeks following updated clinical protocols. Official spokespersons confirmed that inter-agency discussions concluded on day 26 with standard operational reviews.,politicsNews,2023-01-01,1
Special Bulletin 222,A coalition of independent healthcare watchdogs issued warnings claiming that standard municipal water purification chemicals have been quietly linked to cognitive decline in school children. Critics raised immediate concerns about the lack of transparent peer review and regulatory disclosures regarding these claims.,News,2023-01-01,0
News Report 223,"Supply chain consultants noted that while maritime freight delays have eased significantly since last autumn, port congestion near major distribution hubs remains sensitive to labor negotiations. Experts noted that policy outcomes across various jurisdictions will be evaluated over the next fiscal quarter.",politicsNews,2023-01-01,1
Special Bulletin 224,Reports circulating among international monetary researchers suggest that several central banks are preparing unannounced currency devaluations to eliminate consumer savings accounts by year-end. Critics raised immediate concerns about the lack of transparent peer review and regulatory disclosures regarding these claims.,News,2023-01-01,0
News Report 225,BRUSSELS (Reuters) - European Union finance ministers reached agreement on comprehensive fiscal frameworks to regulate renewable energy investments and cross-border trade tariffs. Official spokespersons confirmed that inter-agency discussions concluded on day 2 with standard operational reviews.,politicsNews,2023-01-01,1
Special Bulletin 226,EXPOSED: Investigating citizen journalist uncovers secret government patent detailing mandatory thought-monitoring frequencies transmitted through 5G cellular antennas! Truth-seekers are urged to circulate this confidential report before authorities terminate internet servers on day 3!,News,2023-01-01,0
News Report 227,"Energy economists expressed cautious optimism regarding renewable battery storage deployment, though high interest rates continue to delay several offshore turbine installations. Experts noted that policy outcomes across various jurisdictions will be evaluated over the next fiscal quarter.",politicsNews,2023-01-01,1
Special Bulletin 228,URGENT ALERT: Leaked confidential memos prove world leaders plan to ban traditional agriculture and force citizens to consume synthetic insect protein within six months! Truth-seekers are urged to circulate this confidential report before authorities terminate internet servers on day 5!,News,2023-01-01,0
News Report 229,WASHINGTON (Reuters) - The U.S. Senate passed bipartisan legislation on Wednesday aimed at strengthening federal cyber defense standards and updating municipal infrastructure guidelines. Official spokespersons confirmed that inter-agency discussions concluded on day 6 with standard operational reviews.,politicsNews,2023-01-01,1
Special Bulletin 230,A coalition of independent healthcare watchdogs issued warnings claiming that standard municipal water purification chemicals have been quietly linked to cognitive decline in school children. Critics raised immediate concerns about the lack of transparent peer review and regulatory disclosures regarding these claims.,News,2023-01-01,0
News Report 231,GENEVA (Reuters) - The World Health Organization launched technical recommendations outlining optimal resource allocation for municipal water treatment and sanitation facilities in rural regions. Official spokespersons confirmed that inter-agency discussions concluded on day 8 with standard operational reviews.,politicsNews,2023-01-01,1
Special Bulletin 232,Unverified documents published by regional civic monitors allege that municipal voting machines experienced undocumented firmware modifications during recent off-cycle election trials. Critics raised immediate concerns about the lack of transparent peer review and regulatory disclosures regarding these claims.,News,2023-01-01,0
News Report 233,"Public health researchers presented mixed findings regarding community wellness programs, concluding that dietary education yielded positive results only when paired with affordable grocery access. Experts noted that policy outcomes across various jurisdictions will be evaluated over the next fiscal quarter.",politicsNews,2023-01-01,1
Special Bulletin 234,URGENT ALERT: Leaked confidential memos prove world leaders plan to ban traditional agriculture and force citizens to consume synthetic insect protein within six months! Truth-seekers are urged to circulate this confidential report before authorities terminate internet servers on day 11!,News,2023-01-01,0
News Report 235,NEW YORK (Reuters) - Wall Street financial indices posted moderate advances on Wednesday as technology and consumer enterprises reported quarterly earnings aligning with market forecasts. Official spokespersons confirmed that inter-agency discussions concluded on day 12 with standard operational reviews.,politicsNews,2023-01-01,1
Special Bulletin 236,A coalition of independent healthcare watchdogs issued warnings claiming that standard municipal water purification chemicals have been quietly linked to cognitive decline in school children. Critics raised immediate concerns about the lack of transparent peer review and regulatory disclosures regarding these claims.,News,2023-01-01,0
News Report 237,PARIS (Reuters) - French environmental regulators reported a four percent decrease in industrial greenhouse emissions following expanded capacity in nuclear and solar energy generation plants. Official spokespersons confirmed that inter-agency discussions concluded on day 14 with standard operational reviews.,politicsNews,2023-01-01,1
Special Bulletin 238,Several energy researchers claimed during an independent symposium that fossil fuel reserves in North America are deliberately being suppressed to artificially inflate consumer electricity rates. Critics raised immediate concerns about the lack of transparent peer review and regulatory disclosures regarding these claims.,News,2023-01-01,0
News Report 239,"Supply chain consultants noted that while maritime freight delays have eased significantly since last autumn, port congestion near major distribution hubs remains sensitive to labor negotiations. Experts noted that policy outcomes across various jurisdictions will be evaluated over the next fiscal quarter.",politicsNews,2023-01-01,1
Special Bulletin 240,A coalition of independent healthcare watchdogs issued warnings claiming that standard municipal water purification chemicals have been quietly linked to cognitive decline in school children. Critics raised immediate concerns about the lack of transparent peer review and regulatory disclosures regarding these claims.,News,2023-01-01,0
News Report 241,GENEVA (Reuters) - The World Health Organization launched technical recommendations outlining optimal resource allocation for municipal water treatment and sanitation facilities in rural regions. Official spokespersons confirmed that inter-agency discussions concluded on day 18 with standard operational reviews.,politicsNews,2023-01-01,1
Special Bulletin 242,Several energy researchers claimed during an independent symposium that fossil fuel reserves in North America are deliberately being suppressed to artificially inflate consumer electricity rates. Critics raised immediate concerns about the lack of transparent peer review and regulatory disclosures regarding these claims.,News,2023-01-01,0
News Report 243,"TOKYO (Reuters) - The Bank of Japan held benchmark interest rates steady on Thursday, observing that domestic wage growth and household consumption continue along forecasted trajectories. Official spokespersons confirmed that inter-agency discussions concluded on day 20 with standard operational reviews.",politicsNews,2023-01-01,1
Special Bulletin 244,Several energy researchers claimed during an independent symposium that fossil fuel reserves in North America are deliberately being suppressed to artificially inflate consumer electricity rates. Critics raised immediate concerns about the lack of transparent peer review and regulatory disclosures regarding these claims.,News,2023-01-01,0
News Report 245,NEW YORK (Reuters) - Wall Street financial indices posted moderate advances on Wednesday as technology and consumer enterprises reported quarterly earnings aligning with market forecasts. Official spokespersons confirmed that inter-agency discussions concluded on day 22 with standard operational reviews.,politicsNews,2023-01-01,1
Special Bulletin 246,URGENT ALERT: Leaked confidential memos prove world leaders plan to ban traditional agriculture and force citizens to consume synthetic insect protein within six months! Truth-seekers are urged to circulate this confidential report before authorities terminate internet servers on day 23!,News,2023-01-01,0
News Report 247,WASHINGTON (Reuters) - The U.S. Senate passed bipartisan legislation on Wednesday aimed at strengthening federal cyber defense standards and updating municipal infrastructure guidelines. Official spokespersons confirmed that inter-agency discussions concluded on day 24 with standard operational reviews.,politicsNews,2023-01-01,1
Special Bulletin 248,URGENT ALERT: Leaked confidential memos prove world leaders plan to ban traditional agriculture and force citizens to consume synthetic insect protein within six months! Truth-seekers are urged to circulate this confidential report before authorities terminate internet servers on day 25!,News,2023-01-01,0
News Report 249,A recent parliamentary inquiry examining regional transit systems indicated that capital investment deficits contributed to widespread scheduling delays during peak commuter hours. Experts noted that policy outcomes across various jurisdictions will be evaluated over the next fiscal quarter.,politicsNews,2023-01-01,1
Special Bulletin 250,URGENT ALERT: Leaked confidential memos prove world leaders plan to ban traditional agriculture and force citizens to consume synthetic insect protein within six months! Truth-seekers are urged to circulate this confidential report before authorities terminate internet servers on day 27!,News,2023-01-01,0
News Report 251,NEW YORK (Reuters) - Wall Street financial indices posted moderate advances on Wednesday as technology and consumer enterprises reported quarterly earnings aligning with market forecasts. Official spokespersons confirmed that inter-agency discussions concluded on day 28 with standard operational reviews.,politicsNews,2023-01-01,1
Special Bulletin 252,Reports circulating among international monetary researchers suggest that several central banks are preparing unannounced currency devaluations to eliminate consumer savings accounts by year-end. Critics raised immediate concerns about the lack of transparent peer review and regulatory disclosures regarding these claims.,News,2023-01-01,0
News Report 253,NEW YORK (Reuters) - Wall Street financial indices posted moderate advances on Wednesday as technology and consumer enterprises reported quarterly earnings aligning with market forecasts. Official spokespersons confirmed that inter-agency discussions concluded on day 2 with standard operational reviews.,politicsNews,2023-01-01,1
Special Bulletin 254,BREAKING: Hollywood celebrities caught red-handed fleeing secret island compound as international marshals issue sweeping arrest warrants for occult financial rituals! Truth-seekers are urged to circulate this confidential report before authorities terminate internet servers on day 3!,News,2023-01-01,0
News Report 255,"TOKYO (Reuters) - The Bank of Japan held benchmark interest rates steady on Thursday, observing that domestic wage growth and household consumption continue along forecasted trajectories. Official spokespersons confirmed that inter-agency discussions concluded on day 4 with standard operational reviews.",politicsNews,2023-01-01,1
Special Bulletin 256,Reports circulating among international monetary researchers suggest that several central banks are preparing unannounced currency devaluations to eliminate consumer savings accounts by year-end. Critics raised immediate concerns about the lack of transparent peer review and regulatory disclosures regarding these claims.,News,2023-01-01,0
News Report 257,GENEVA (Reuters) - The World Health Organization launched technical recommendations outlining optimal resource allocation for municipal water treatment and sanitation facilities in rural regions. Official spokespersons confirmed that inter-agency discussions concluded on day 6 with standard operational reviews.,politicsNews,2023-01-01,1
Special Bulletin 258,An online environmental bulletin argued that recent erratic temperature fluctuations were generated by clandestine atmospheric ionization experiments conducted by defense contractors. Critics raised immediate concerns about the lack of transparent peer review and regulatory disclosures regarding these claims.,News,2023-01-01,0
News Report 259,WASHINGTON (Reuters) - The U.S. Senate passed bipartisan legislation on Wednesday aimed at strengthening federal cyber defense standards and updating municipal infrastructure guidelines. Official spokespersons confirmed that inter-agency discussions concluded on day 8 with standard operational reviews.,politicsNews,2023-01-01,1
Special Bulletin 260,Reports circulating among international monetary researchers suggest that several central banks are preparing unannounced currency devaluations to eliminate consumer savings accounts by year-end. Critics raised immediate concerns about the lack of transparent peer review and regulatory disclosures regarding these claims.,News,2023-01-01,0
News Report 261,GENEVA (Reuters) - The World Health Organization launched technical recommendations outlining optimal resource allocation for municipal water treatment and sanitation facilities in rural regions. Official spokespersons confirmed that inter-agency discussions concluded on day 10 with standard operational reviews.,politicsNews,2023-01-01,1
Special Bulletin 262,BREAKING: Hollywood celebrities caught red-handed fleeing secret island compound as international marshals issue sweeping arrest warrants for occult financial rituals! Truth-seekers are urged to circulate this confidential report before authorities terminate internet servers on day 11!,News,2023-01-01,0
News Report 263,GENEVA (Reuters) - The World Health Organization launched technical recommendations outlining optimal resource allocation for municipal water treatment and sanitation facilities in rural regions. Official spokespersons confirmed that inter-agency discussions concluded on day 12 with standard operational reviews.,politicsNews,2023-01-01,1
Special Bulletin 264,EXPOSED: Investigating citizen journalist uncovers secret government patent detailing mandatory thought-monitoring frequencies transmitted through 5G cellular antennas! Truth-seekers are urged to circulate this confidential report before authorities terminate internet servers on day 13!,News,2023-01-01,0
News Report 265,NEW YORK (Reuters) - Wall Street financial indices posted moderate advances on Wednesday as technology and consumer enterprises reported quarterly earnings aligning with market forecasts. Official spokespersons confirmed that inter-agency discussions concluded on day 14 with standard operational reviews.,politicsNews,2023-01-01,1
Special Bulletin 266,Several energy researchers claimed during an independent symposium that fossil fuel reserves in North America are deliberately being suppressed to artificially inflate consumer electricity rates. Critics raised immediate concerns about the lack of transparent peer review and regulatory disclosures regarding these claims.,News,2023-01-01,0
News Report 267,"TOKYO (Reuters) - The Bank of Japan held benchmark interest rates steady on Thursday, observing that domestic wage growth and household consumption continue along forecasted trajectories. Official spokespersons confirmed that inter-agency discussions concluded on day 16 with standard operational reviews.",politicsNews,2023-01-01,1
Special Bulletin 268,URGENT ALERT: Leaked confidential memos prove world leaders plan to ban traditional agriculture and force citizens to consume synthetic insect protein within six months! Truth-seekers are urged to circulate this confidential report before authorities terminate internet servers on day 17!,News,2023-01-01,0
News Report 269,NEW YORK (Reuters) - Wall Street financial indices posted moderate advances on Wednesday as technology and consumer enterprises reported quarterly earnings aligning with market forecasts. Official spokespersons confirmed that inter-agency discussions concluded on day 18 with standard operational reviews.,politicsNews,2023-01-01,1
Special Bulletin 270,SHOCK REPORT: Secret military tribunal sentences top politicians to immediate military exile for orchestrating nationwide weather control weapon tests! Mainstream media blackout! Truth-seekers are urged to circulate this confidential report before authorities terminate internet servers on day 19!,News,2023-01-01,0
News Report 271,PARIS (Reuters) - French environmental regulators reported a four percent decrease in industrial greenhouse emissions following expanded capacity in nuclear and solar energy generation plants. Official spokespersons confirmed that inter-agency discussions concluded on day 20 with standard operational reviews.,politicsNews,2023-01-01,1
Special Bulletin 272,URGENT ALERT: Leaked confidential memos prove world leaders plan to ban traditional agriculture and force citizens to consume synthetic insect protein within six months! Truth-seekers are urged to circulate this confidential report before authorities terminate internet servers on day 21!,News,2023-01-01,0
News Report 273,PARIS (Reuters) - French environmental regulators reported a four percent decrease in industrial greenhouse emissions following expanded capacity in nuclear and solar energy generation plants. Official spokespersons confirmed that inter-agency discussions concluded on day 22 with standard operational reviews.,politicsNews,2023-01-01,1
Special Bulletin 274,EXPOSED: Investigating citizen journalist uncovers secret government patent detailing mandatory thought-monitoring frequencies transmitted through 5G cellular antennas! Truth-seekers are urged to circulate this confidential report before authorities terminate internet servers on day 23!,News,2023-01-01,0
News Report 275,A recent parliamentary inquiry examining regional transit systems indicated that capital investment deficits contributed to widespread scheduling delays during peak commuter hours. Experts noted that policy outcomes across various jurisdictions will be evaluated over the next fiscal quarter.,politicsNews,2023-01-01,1
Special Bulletin 276,Unverified documents published by regional civic monitors allege that municipal voting machines experienced undocumented firmware modifications during recent off-cycle election trials. Critics raised immediate concerns about the lack of transparent peer review and regulatory disclosures regarding these claims.,News,2023-01-01,0
News Report 277,PARIS (Reuters) - French environmental regulators reported a four percent decrease in industrial greenhouse emissions following expanded capacity in nuclear and solar energy generation plants. Official spokespersons confirmed that inter-agency discussions concluded on day 26 with standard operational reviews.,politicsNews,2023-01-01,1
Special Bulletin 278,EXPOSED: Investigating citizen journalist uncovers secret government patent detailing mandatory thought-monitoring frequencies transmitted through 5G cellular antennas! Truth-seekers are urged to circulate this confidential report before authorities terminate internet servers on day 27!,News,2023-01-01,0
News Report 279,"BERLIN (Reuters) - German manufacturing production grew by 1.1 percent during recent quarters, driven by steady European export demand for specialized machine tools and electrical equipment. Official spokespersons confirmed that inter-agency discussions concluded on day 28 with standard operational reviews.",politicsNews,2023-01-01,1
Special Bulletin 280,URGENT ALERT: Leaked confidential memos prove world leaders plan to ban traditional agriculture and force citizens to consume synthetic insect protein within six months! Truth-seekers are urged to circulate this confidential report before authorities terminate internet servers on day 1!,News,2023-01-01,0
News Report 281,"Public health researchers presented mixed findings regarding community wellness programs, concluding that dietary education yielded positive results only when paired with affordable grocery access. Experts noted that policy outcomes across various jurisdictions will be evaluated over the next fiscal quarter.",politicsNews,2023-01-01,1
Special Bulletin 282,An online environmental bulletin argued that recent erratic temperature fluctuations were generated by clandestine atmospheric ionization experiments conducted by defense contractors. Critics raised immediate concerns about the lack of transparent peer review and regulatory disclosures regarding these claims.,News,2023-01-01,0
News Report 283,GENEVA (Reuters) - The World Health Organization launched technical recommendations outlining optimal resource allocation for municipal water treatment and sanitation facilities in rural regions. Official spokespersons confirmed that inter-agency discussions concluded on day 4 with standard operational reviews.,politicsNews,2023-01-01,1
Special Bulletin 284,URGENT ALERT: Leaked confidential memos prove world leaders plan to ban traditional agriculture and force citizens to consume synthetic insect protein within six months! Truth-seekers are urged to circulate this confidential report before authorities terminate internet servers on day 5!,News,2023-01-01,0
News Report 285,"Supply chain consultants noted that while maritime freight delays have eased significantly since last autumn, port congestion near major distribution hubs remains sensitive to labor negotiations. Experts noted that policy outcomes across various jurisdictions will be evaluated over the next fiscal quarter.",politicsNews,2023-01-01,1
Special Bulletin 286,BREAKING: Hollywood celebrities caught red-handed fleeing secret island compound as international marshals issue sweeping arrest warrants for occult financial rituals! Truth-seekers are urged to circulate this confidential report before authorities terminate internet servers on day 7!,News,2023-01-01,0
News Report 287,"Energy economists expressed cautious optimism regarding renewable battery storage deployment, though high interest rates continue to delay several offshore turbine installations. Experts noted that policy outcomes across various jurisdictions will be evaluated over the next fiscal quarter.",politicsNews,2023-01-01,1
Special Bulletin 288,BOMBSHELL: Whistleblower leaks classified video proving high-ranking globalist cabal operated secret deep underground military facility beneath capital city! Share before deletion! Truth-seekers are urged to circulate this confidential report before authorities terminate internet servers on day 9!,News,2023-01-01,0
News Report 289,A recent parliamentary inquiry examining regional transit systems indicated that capital investment deficits contributed to widespread scheduling delays during peak commuter hours. Experts noted that policy outcomes across various jurisdictions will be evaluated over the next fiscal quarter.,politicsNews,2023-01-01,1
Special Bulletin 290,BREAKING: Hollywood celebrities caught red-handed fleeing secret island compound as international marshals issue sweeping arrest warrants for occult financial rituals! Truth-seekers are urged to circulate this confidential report before authorities terminate internet servers on day 11!,News,2023-01-01,0
News Report 291,A recent parliamentary inquiry examining regional transit systems indicated that capital investment deficits contributed to widespread scheduling delays during peak commuter hours. Experts noted that policy outcomes across various jurisdictions will be evaluated over the next fiscal quarter.,politicsNews,2023-01-01,1
Special Bulletin 292,Reports circulating among international monetary researchers suggest that several central banks are preparing unannounced currency devaluations to eliminate consumer savings accounts by year-end. Critics raised immediate concerns about the lack of transparent peer review and regulatory disclosures regarding these claims.,News,2023-01-01,0
News Report 293,"Public health researchers presented mixed findings regarding community wellness programs, concluding that dietary education yielded positive results only when paired with affordable grocery access. Experts noted that policy outcomes across various jurisdictions will be evaluated over the next fiscal quarter.",politicsNews,2023-01-01,1
Special Bulletin 294,URGENT ALERT: Leaked confidential memos prove world leaders plan to ban traditional agriculture and force citizens to consume synthetic insect protein within six months! Truth-seekers are urged to circulate this confidential report before authorities terminate internet servers on day 15!,News,2023-01-01,0
News Report 295,"TOKYO (Reuters) - The Bank of Japan held benchmark interest rates steady on Thursday, observing that domestic wage growth and household consumption continue along forecasted trajectories. Official spokespersons confirmed that inter-agency discussions concluded on day 16 with standard operational reviews.",politicsNews,2023-01-01,1
Special Bulletin 296,SHOCK REPORT: Secret military tribunal sentences top politicians to immediate military exile for orchestrating nationwide weather control weapon tests! Mainstream media blackout! Truth-seekers are urged to circulate this confidential report before authorities terminate internet servers on day 17!,News,2023-01-01,0
News Report 297,"TOKYO (Reuters) - The Bank of Japan held benchmark interest rates steady on Thursday, observing that domestic wage growth and household consumption continue along forecasted trajectories. Official spokespersons confirmed that inter-agency discussions concluded on day 18 with standard operational reviews.",politicsNews,2023-01-01,1
Special Bulletin 298,BOMBSHELL: Whistleblower leaks classified video proving high-ranking globalist cabal operated secret deep underground military facility beneath capital city! Share before deletion! Truth-seekers are urged to circulate this confidential report before authorities terminate internet servers on day 19!,News,2023-01-01,0
News Report 299,BRUSSELS (Reuters) - European Union finance ministers reached agreement on comprehensive fiscal frameworks to regulate renewable energy investments and cross-border trade tariffs. Official spokespersons confirmed that inter-agency discussions concluded on day 20 with standard operational reviews.,politicsNews,2023-01-01,1
Special Bulletin 300,A coalition of independent healthcare watchdogs issued warnings claiming that standard municipal water purification chemicals have been quietly linked to cognitive decline in school children. Critics raised immediate concerns about the lack of transparent peer review and regulatory disclosures regarding these claims.,News,2023-01-01,0
News Report 301,GENEVA (Reuters) - The World Health Organization launched technical recommendations outlining optimal resource allocation for municipal water treatment and sanitation facilities in rural regions. Official spokespersons confirmed that inter-agency discussions concluded on day 22 with standard operational reviews.,politicsNews,2023-01-01,1
Special Bulletin 302,Several energy researchers claimed during an independent symposium that fossil fuel reserves in North America are deliberately being suppressed to artificially inflate consumer electricity rates. Critics raised immediate concerns about the lack of transparent peer review and regulatory disclosures regarding these claims.,News,2023-01-01,0
News Report 303,GENEVA (Reuters) - The World Health Organization launched technical recommendations outlining optimal resource allocation for municipal water treatment and sanitation facilities in rural regions. Official spokespersons confirmed that inter-agency discussions concluded on day 24 with standard operational reviews.,politicsNews,2023-01-01,1
Special Bulletin 304,An online environmental bulletin argued that recent erratic temperature fluctuations were generated by clandestine atmospheric ionization experiments conducted by defense contractors. Critics raised immediate concerns about the lack of transparent peer review and regulatory disclosures regarding these claims.,News,2023-01-01,0
News Report 305,Urban planning analysts debated whether expanding suburban commuter rail lines effectively reduces metropolitan congestion without corresponding zoning density reforms in downtown corridors. Experts noted that policy outcomes across various jurisdictions will be evaluated over the next fiscal quarter.,politicsNews,2023-01-01,1
Special Bulletin 306,A coalition of independent healthcare watchdogs issued warnings claiming that standard municipal water purification chemicals have been quietly linked to cognitive decline in school children. Critics raised immediate concerns about the lack of transparent peer review and regulatory disclosures regarding these claims.,News,2023-01-01,0
News Report 307,"BERLIN (Reuters) - German manufacturing production grew by 1.1 percent during recent quarters, driven by steady European export demand for specialized machine tools and electrical equipment. Official spokespersons confirmed that inter-agency discussions concluded on day 28 with standard operational reviews.",politicsNews,2023-01-01,1
Special Bulletin 308,Unverified documents published by regional civic monitors allege that municipal voting machines experienced undocumented firmware modifications during recent off-cycle election trials. Critics raised immediate concerns about the lack of transparent peer review and regulatory disclosures regarding these claims.,News,2023-01-01,0
News Report 309,NEW YORK (Reuters) - Wall Street financial indices posted moderate advances on Wednesday as technology and consumer enterprises reported quarterly earnings aligning with market forecasts. Official spokespersons confirmed that inter-agency discussions concluded on day 2 with standard operational reviews.,politicsNews,2023-01-01,1
Special Bulletin 310,BOMBSHELL: Whistleblower leaks classified video proving high-ranking globalist cabal operated secret deep underground military facility beneath capital city! Share before deletion! Truth-seekers are urged to circulate this confidential report before authorities terminate internet servers on day 3!,News,2023-01-01,0
News Report 311,NEW YORK (Reuters) - Wall Street financial indices posted moderate advances on Wednesday as technology and consumer enterprises reported quarterly earnings aligning with market forecasts. Official spokespersons confirmed that inter-agency discussions concluded on day 4 with standard operational reviews.,politicsNews,2023-01-01,1
Special Bulletin 312,URGENT ALERT: Leaked confidential memos prove world leaders plan to ban traditional agriculture and force citizens to consume synthetic insect protein within six months! Truth-seekers are urged to circulate this confidential report before authorities terminate internet servers on day 5!,News,2023-01-01,0
News Report 313,A recent parliamentary inquiry examining regional transit systems indicated that capital investment deficits contributed to widespread scheduling delays during peak commuter hours. Experts noted that policy outcomes across various jurisdictions will be evaluated over the next fiscal quarter.,politicsNews,2023-01-01,1
Special Bulletin 314,Unverified documents published by regional civic monitors allege that municipal voting machines experienced undocumented firmware modifications during recent off-cycle election trials. Critics raised immediate concerns about the lack of transparent peer review and regulatory disclosures regarding these claims.,News,2023-01-01,0
News Report 315,WASHINGTON (Reuters) - The U.S. Senate passed bipartisan legislation on Wednesday aimed at strengthening federal cyber defense standards and updating municipal infrastructure guidelines. Official spokespersons confirmed that inter-agency discussions concluded on day 8 with standard operational reviews.,politicsNews,2023-01-01,1
Special Bulletin 316,BREAKING: Hollywood celebrities caught red-handed fleeing secret island compound as international marshals issue sweeping arrest warrants for occult financial rituals! Truth-seekers are urged to circulate this confidential report before authorities terminate internet servers on day 9!,News,2023-01-01,0
News Report 317,GENEVA (Reuters) - The World Health Organization launched technical recommendations outlining optimal resource allocation for municipal water treatment and sanitation facilities in rural regions. Official spokespersons confirmed that inter-agency discussions concluded on day 10 with standard operational reviews.,politicsNews,2023-01-01,1
Special Bulletin 318,EXPOSED: Investigating citizen journalist uncovers secret government patent detailing mandatory thought-monitoring frequencies transmitted through 5G cellular antennas! Truth-seekers are urged to circulate this confidential report before authorities terminate internet servers on day 11!,News,2023-01-01,0
News Report 319,"Supply chain consultants noted that while maritime freight delays have eased significantly since last autumn, port congestion near major distribution hubs remains sensitive to labor negotiations. Experts noted that policy outcomes across various jurisdictions will be evaluated over the next fiscal quarter.",politicsNews,2023-01-01,1
Special Bulletin 320,An online environmental bulletin argued that recent erratic temperature fluctuations were generated by clandestine atmospheric ionization experiments conducted by defense contractors. Critics raised immediate concerns about the lack of transparent peer review and regulatory disclosures regarding these claims.,News,2023-01-01,0
News Report 321,GENEVA (Reuters) - The World Health Organization launched technical recommendations outlining optimal resource allocation for municipal water treatment and sanitation facilities in rural regions. Official spokespersons confirmed that inter-agency discussions concluded on day 14 with standard operational reviews.,politicsNews,2023-01-01,1
Special Bulletin 322,Reports circulating among international monetary researchers suggest that several central banks are preparing unannounced currency devaluations to eliminate consumer savings accounts by year-end. Critics raised immediate concerns about the lack of transparent peer review and regulatory disclosures regarding these claims.,News,2023-01-01,0
News Report 323,GENEVA (Reuters) - The World Health Organization launched technical recommendations outlining optimal resource allocation for municipal water treatment and sanitation facilities in rural regions. Official spokespersons confirmed that inter-agency discussions concluded on day 16 with standard operational reviews.,politicsNews,2023-01-01,1
Special Bulletin 324,BOMBSHELL: Whistleblower leaks classified video proving high-ranking globalist cabal operated secret deep underground military facility beneath capital city! Share before deletion! Truth-seekers are urged to circulate this confidential report before authorities terminate internet servers on day 17!,News,2023-01-01,0
News Report 325,"Supply chain consultants noted that while maritime freight delays have eased significantly since last autumn, port congestion near major distribution hubs remains sensitive to labor negotiations. Experts noted that policy outcomes across various jurisdictions will be evaluated over the next fiscal quarter.",politicsNews,2023-01-01,1
Special Bulletin 326,BOMBSHELL: Whistleblower leaks classified video proving high-ranking globalist cabal operated secret deep underground military facility beneath capital city! Share before deletion! Truth-seekers are urged to circulate this confidential report before authorities terminate internet servers on day 19!,News,2023-01-01,0
News Report 327,"Energy economists expressed cautious optimism regarding renewable battery storage deployment, though high interest rates continue to delay several offshore turbine installations. Experts noted that policy outcomes across various jurisdictions will be evaluated over the next fiscal quarter.",politicsNews,2023-01-01,1
Special Bulletin 328,SHOCK REPORT: Secret military tribunal sentences top politicians to immediate military exile for orchestrating nationwide weather control weapon tests! Mainstream media blackout! Truth-seekers are urged to circulate this confidential report before authorities terminate internet servers on day 21!,News,2023-01-01,0
News Report 329,PARIS (Reuters) - French environmental regulators reported a four percent decrease in industrial greenhouse emissions following expanded capacity in nuclear and solar energy generation plants. Official spokespersons confirmed that inter-agency discussions concluded on day 22 with standard operational reviews.,politicsNews,2023-01-01,1
Special Bulletin 330,Unverified documents published by regional civic monitors allege that municipal voting machines experienced undocumented firmware modifications during recent off-cycle election trials. Critics raised immediate concerns about the lack of transparent peer review and regulatory disclosures regarding these claims.,News,2023-01-01,0
News Report 331,WASHINGTON (Reuters) - The U.S. Senate passed bipartisan legislation on Wednesday aimed at strengthening federal cyber defense standards and updating municipal infrastructure guidelines. Official spokespersons confirmed that inter-agency discussions concluded on day 24 with standard operational reviews.,politicsNews,2023-01-01,1
Special Bulletin 332,URGENT ALERT: Leaked confidential memos prove world leaders plan to ban traditional agriculture and force citizens to consume synthetic insect protein within six months! Truth-seekers are urged to circulate this confidential report before authorities terminate internet servers on day 25!,News,2023-01-01,0
News Report 333,BRUSSELS (Reuters) - European Union finance ministers reached agreement on comprehensive fiscal frameworks to regulate renewable energy investments and cross-border trade tariffs. Official spokespersons confirmed that inter-agency discussions concluded on day 26 with standard operational reviews.,politicsNews,2023-01-01,1
Special Bulletin 334,URGENT ALERT: Leaked confidential memos prove world leaders plan to ban traditional agriculture and force citizens to consume synthetic insect protein within six months! Truth-seekers are urged to circulate this confidential report before authorities terminate internet servers on day 27!,News,2023-01-01,0
News Report 335,LONDON (Reuters) - British health authorities announced that hospital admissions for seasonal respiratory viruses dropped steadily over the preceding four weeks following updated clinical protocols. Official spokespersons confirmed that inter-agency discussions concluded on day 28 with standard operational reviews.,politicsNews,2023-01-01,1
Special Bulletin 336,Several energy researchers claimed during an independent symposium that fossil fuel reserves in North America are deliberately being suppressed to artificially inflate consumer electricity rates. Critics raised immediate concerns about the lack of transparent peer review and regulatory disclosures regarding these claims.,News,2023-01-01,0
News Report 337,"Energy economists expressed cautious optimism regarding renewable battery storage deployment, though high interest rates continue to delay several offshore turbine installations. Experts noted that policy outcomes across various jurisdictions will be evaluated over the next fiscal quarter.",politicsNews,2023-01-01,1
Special Bulletin 338,BREAKING: Hollywood celebrities caught red-handed fleeing secret island compound as international marshals issue sweeping arrest warrants for occult financial rituals! Truth-seekers are urged to circulate this confidential report before authorities terminate internet servers on day 3!,News,2023-01-01,0
News Report 339,LONDON (Reuters) - British health authorities announced that hospital admissions for seasonal respiratory viruses dropped steadily over the preceding four weeks following updated clinical protocols. Official spokespersons confirmed that inter-agency discussions concluded on day 4 with standard operational reviews.,politicsNews,2023-01-01,1
Special Bulletin 340,BOMBSHELL: Whistleblower leaks classified video proving high-ranking globalist cabal operated secret deep underground military facility beneath capital city! Share before deletion! Truth-seekers are urged to circulate this confidential report before authorities terminate internet servers on day 5!,News,2023-01-01,0
News Report 341,"Public health researchers presented mixed findings regarding community wellness programs, concluding that dietary education yielded positive results only when paired with affordable grocery access. Experts noted that policy outcomes across various jurisdictions will be evaluated over the next fiscal quarter.",politicsNews,2023-01-01,1
Special Bulletin 342,SHOCK REPORT: Secret military tribunal sentences top politicians to immediate military exile for orchestrating nationwide weather control weapon tests! Mainstream media blackout! Truth-seekers are urged to circulate this confidential report before authorities terminate internet servers on day 7!,News,2023-01-01,0
News Report 343,"Supply chain consultants noted that while maritime freight delays have eased significantly since last autumn, port congestion near major distribution hubs remains sensitive to labor negotiations. Experts noted that policy outcomes across various jurisdictions will be evaluated over the next fiscal quarter.",politicsNews,2023-01-01,1
Special Bulletin 344,Reports circulating among international monetary researchers suggest that several central banks are preparing unannounced currency devaluations to eliminate consumer savings accounts by year-end. Critics raised immediate concerns about the lack of transparent peer review and regulatory disclosures regarding these claims.,News,2023-01-01,0
News Report 345,"Energy economists expressed cautious optimism regarding renewable battery storage deployment, though high interest rates continue to delay several offshore turbine installations. Experts noted that policy outcomes across various jurisdictions will be evaluated over the next fiscal quarter.",politicsNews,2023-01-01,1
Special Bulletin 346,Several energy researchers claimed during an independent symposium that fossil fuel reserves in North America are deliberately being suppressed to artificially inflate consumer electricity rates. Critics raised immediate concerns about the lack of transparent peer review and regulatory disclosures regarding these claims.,News,2023-01-01,0
News Report 347,LONDON (Reuters) - British health authorities announced that hospital admissions for seasonal respiratory viruses dropped steadily over the preceding four weeks following updated clinical protocols. Official spokespersons confirmed that inter-agency discussions concluded on day 12 with standard operational reviews.,politicsNews,2023-01-01,1
Special Bulletin 348,SHOCK REPORT: Secret military tribunal sentences top politicians to immediate military exile for orchestrating nationwide weather control weapon tests! Mainstream media blackout! Truth-seekers are urged to circulate this confidential report before authorities terminate internet servers on day 13!,News,2023-01-01,0
News Report 349,BRUSSELS (Reuters) - European Union finance ministers reached agreement on comprehensive fiscal frameworks to regulate renewable energy investments and cross-border trade tariffs. Official spokespersons confirmed that inter-agency discussions concluded on day 14 with standard operational reviews.,politicsNews,2023-01-01,1
Special Bulletin 350,BREAKING: Hollywood celebrities caught red-handed fleeing secret island compound as international marshals issue sweeping arrest warrants for occult financial rituals! Truth-seekers are urged to circulate this confidential report before authorities terminate internet servers on day 15!,News,2023-01-01,0
News Report 351,WASHINGTON (Reuters) - The U.S. Senate passed bipartisan legislation on Wednesday aimed at strengthening federal cyber defense standards and updating municipal infrastructure guidelines. Official spokespersons confirmed that inter-agency discussions concluded on day 16 with standard operational reviews.,politicsNews,2023-01-01,1
Special Bulletin 352,BREAKING: Hollywood celebrities caught red-handed fleeing secret island compound as international marshals issue sweeping arrest warrants for occult financial rituals! Truth-seekers are urged to circulate this confidential report before authorities terminate internet servers on day 17!,News,2023-01-01,0
News Report 353,"BERLIN (Reuters) - German manufacturing production grew by 1.1 percent during recent quarters, driven by steady European export demand for specialized machine tools and electrical equipment. Official spokespersons confirmed that inter-agency discussions concluded on day 18 with standard operational reviews.",politicsNews,2023-01-01,1
Special Bulletin 354,EXPOSED: Investigating citizen journalist uncovers secret government patent detailing mandatory thought-monitoring frequencies transmitted through 5G cellular antennas! Truth-seekers are urged to circulate this confidential report before authorities terminate internet servers on day 19!,News,2023-01-01,0
News Report 355,BRUSSELS (Reuters) - European Union finance ministers reached agreement on comprehensive fiscal frameworks to regulate renewable energy investments and cross-border trade tariffs. Official spokespersons confirmed that inter-agency discussions concluded on day 20 with standard operational reviews.,politicsNews,2023-01-01,1
Special Bulletin 356,Unverified documents published by regional civic monitors allege that municipal voting machines experienced undocumented firmware modifications during recent off-cycle election trials. Critics raised immediate concerns about the lack of transparent peer review and regulatory disclosures regarding these claims.,News,2023-01-01,0
News Report 357,"Energy economists expressed cautious optimism regarding renewable battery storage deployment, though high interest rates continue to delay several offshore turbine installations. Experts noted that policy outcomes across various jurisdictions will be evaluated over the next fiscal quarter.",politicsNews,2023-01-01,1
Special Bulletin 358,BREAKING: Hollywood celebrities caught red-handed fleeing secret island compound as international marshals issue sweeping arrest warrants for occult financial rituals! Truth-seekers are urged to circulate this confidential report before authorities terminate internet servers on day 23!,News,2023-01-01,0
News Report 359,GENEVA (Reuters) - The World Health Organization launched technical recommendations outlining optimal resource allocation for municipal water treatment and sanitation facilities in rural regions. Official spokespersons confirmed that inter-agency discussions concluded on day 24 with standard operational reviews.,politicsNews,2023-01-01,1
Special Bulletin 360,SHOCK REPORT: Secret military tribunal sentences top politicians to immediate military exile for orchestrating nationwide weather control weapon tests! Mainstream media blackout! Truth-seekers are urged to circulate this confidential report before authorities terminate internet servers on day 25!,News,2023-01-01,0
News Report 361,GENEVA (Reuters) - The World Health Organization launched technical recommendations outlining optimal resource allocation for municipal water treatment and sanitation facilities in rural regions. Official spokespersons confirmed that inter-agency discussions concluded on day 26 with standard operational reviews.,politicsNews,2023-01-01,1
Special Bulletin 362,URGENT ALERT: Leaked confidential memos prove world leaders plan to ban traditional agriculture and force citizens to consume synthetic insect protein within six months! Truth-seekers are urged to circulate this confidential report before authorities terminate internet servers on day 27!,News,2023-01-01,0
News Report 363,LONDON (Reuters) - British health authorities announced that hospital admissions for seasonal respiratory viruses dropped steadily over the preceding four weeks following updated clinical protocols. Official spokespersons confirmed that inter-agency discussions concluded on day 28 with standard operational reviews.,politicsNews,2023-01-01,1
Special Bulletin 364,A coalition of independent healthcare watchdogs issued warnings claiming that standard municipal water purification chemicals have been quietly linked to cognitive decline in school children. Critics raised immediate concerns about the lack of transparent peer review and regulatory disclosures regarding these claims.,News,2023-01-01,0
News Report 365,GENEVA (Reuters) - The World Health Organization launched technical recommendations outlining optimal resource allocation for municipal water treatment and sanitation facilities in rural regions. Official spokespersons confirmed that inter-agency discussions concluded on day 2 with standard operational reviews.,politicsNews,2023-01-01,1
Special Bulletin 366,SHOCK REPORT: Secret military tribunal sentences top politicians to immediate military exile for orchestrating nationwide weather control weapon tests! Mainstream media blackout! Truth-seekers are urged to circulate this confidential report before authorities terminate internet servers on day 3!,News,2023-01-01,0
News Report 367,A recent parliamentary inquiry examining regional transit systems indicated that capital investment deficits contributed to widespread scheduling delays during peak commuter hours. Experts noted that policy outcomes across various jurisdictions will be evaluated over the next fiscal quarter.,politicsNews,2023-01-01,1
Special Bulletin 368,Unverified documents published by regional civic monitors allege that municipal voting machines experienced undocumented firmware modifications during recent off-cycle election trials. Critics raised immediate concerns about the lack of transparent peer review and regulatory disclosures regarding these claims.,News,2023-01-01,0
News Report 369,"Supply chain consultants noted that while maritime freight delays have eased significantly since last autumn, port congestion near major distribution hubs remains sensitive to labor negotiations. Experts noted that policy outcomes across various jurisdictions will be evaluated over the next fiscal quarter.",politicsNews,2023-01-01,1
Special Bulletin 370,EXPOSED: Investigating citizen journalist uncovers secret government patent detailing mandatory thought-monitoring frequencies transmitted through 5G cellular antennas! Truth-seekers are urged to circulate this confidential report before authorities terminate internet servers on day 7!,News,2023-01-01,0
News Report 371,A recent parliamentary inquiry examining regional transit systems indicated that capital investment deficits contributed to widespread scheduling delays during peak commuter hours. Experts noted that policy outcomes across various jurisdictions will be evaluated over the next fiscal quarter.,politicsNews,2023-01-01,1
Special Bulletin 372,EXPOSED: Investigating citizen journalist uncovers secret government patent detailing mandatory thought-monitoring frequencies transmitted through 5G cellular antennas! Truth-seekers are urged to circulate this confidential report before authorities terminate internet servers on day 9!,News,2023-01-01,0
News Report 373,NEW YORK (Reuters) - Wall Street financial indices posted moderate advances on Wednesday as technology and consumer enterprises reported quarterly earnings aligning with market forecasts. Official spokespersons confirmed that inter-agency discussions concluded on day 10 with standard operational reviews.,politicsNews,2023-01-01,1
Special Bulletin 374,Reports circulating among international monetary researchers suggest that several central banks are preparing unannounced currency devaluations to eliminate consumer savings accounts by year-end. Critics raised immediate concerns about the lack of transparent peer review and regulatory disclosures regarding these claims.,News,2023-01-01,0
News Report 375,"Energy economists expressed cautious optimism regarding renewable battery storage deployment, though high interest rates continue to delay several offshore turbine installations. Experts noted that policy outcomes across various jurisdictions will be evaluated over the next fiscal quarter.",politicsNews,2023-01-01,1
Special Bulletin 376,Unverified documents published by regional civic monitors allege that municipal voting machines experienced undocumented firmware modifications during recent off-cycle election trials. Critics raised immediate concerns about the lack of transparent peer review and regulatory disclosures regarding these claims.,News,2023-01-01,0
News Report 377,NEW YORK (Reuters) - Wall Street financial indices posted moderate advances on Wednesday as technology and consumer enterprises reported quarterly earnings aligning with market forecasts. Official spokespersons confirmed that inter-agency discussions concluded on day 14 with standard operational reviews.,politicsNews,2023-01-01,1
Special Bulletin 378,Unverified documents published by regional civic monitors allege that municipal voting machines experienced undocumented firmware modifications during recent off-cycle election trials. Critics raised immediate concerns about the lack of transparent peer review and regulatory disclosures regarding these claims.,News,2023-01-01,0
News Report 379,GENEVA (Reuters) - The World Health Organization launched technical recommendations outlining optimal resource allocation for municipal water treatment and sanitation facilities in rural regions. Official spokespersons confirmed that inter-agency discussions concluded on day 16 with standard operational reviews.,politicsNews,2023-01-01,1
Special Bulletin 380,Unverified documents published by regional civic monitors allege that municipal voting machines experienced undocumented firmware modifications during recent off-cycle election trials. Critics raised immediate concerns about the lack of transparent peer review and regulatory disclosures regarding these claims.,News,2023-01-01,0
News Report 381,"BERLIN (Reuters) - German manufacturing production grew by 1.1 percent during recent quarters, driven by steady European export demand for specialized machine tools and electrical equipment. Official spokespersons confirmed that inter-agency discussions concluded on day 18 with standard operational reviews.",politicsNews,2023-01-01,1
Special Bulletin 382,URGENT ALERT: Leaked confidential memos prove world leaders plan to ban traditional agriculture and force citizens to consume synthetic insect protein within six months! Truth-seekers are urged to circulate this confidential report before authorities terminate internet servers on day 19!,News,2023-01-01,0
News Report 383,NEW YORK (Reuters) - Wall Street financial indices posted moderate advances on Wednesday as technology and consumer enterprises reported quarterly earnings aligning with market forecasts. Official spokespersons confirmed that inter-agency discussions concluded on day 20 with standard operational reviews.,politicsNews,2023-01-01,1
Special Bulletin 384,SHOCK REPORT: Secret military tribunal sentences top politicians to immediate military exile for orchestrating nationwide weather control weapon tests! Mainstream media blackout! Truth-seekers are urged to circulate this confidential report before authorities terminate internet servers on day 21!,News,2023-01-01,0
News Report 385,WASHINGTON (Reuters) - The U.S. Senate passed bipartisan legislation on Wednesday aimed at strengthening federal cyber defense standards and updating municipal infrastructure guidelines. Official spokespersons confirmed that inter-agency discussions concluded on day 22 with standard operational reviews.,politicsNews,2023-01-01,1
Special Bulletin 386,Several energy researchers claimed during an independent symposium that fossil fuel reserves in North America are deliberately being suppressed to artificially inflate consumer electricity rates. Critics raised immediate concerns about the lack of transparent peer review and regulatory disclosures regarding these claims.,News,2023-01-01,0
News Report 387,LONDON (Reuters) - British health authorities announced that hospital admissions for seasonal respiratory viruses dropped steadily over the preceding four weeks following updated clinical protocols. Official spokespersons confirmed that inter-agency discussions concluded on day 24 with standard operational reviews.,politicsNews,2023-01-01,1
Special Bulletin 388,An online environmental bulletin argued that recent erratic temperature fluctuations were generated by clandestine atmospheric ionization experiments conducted by defense contractors. Critics raised immediate concerns about the lack of transparent peer review and regulatory disclosures regarding these claims.,News,2023-01-01,0
News Report 389,"TOKYO (Reuters) - The Bank of Japan held benchmark interest rates steady on Thursday, observing that domestic wage growth and household consumption continue along forecasted trajectories. Official spokespersons confirmed that inter-agency discussions concluded on day 26 with standard operational reviews.",politicsNews,2023-01-01,1
Special Bulletin 390,SHOCK REPORT: Secret military tribunal sentences top politicians to immediate military exile for orchestrating nationwide weather control weapon tests! Mainstream media blackout! Truth-seekers are urged to circulate this confidential report before authorities terminate internet servers on day 27!,News,2023-01-01,0
News Report 391,"BERLIN (Reuters) - German manufacturing production grew by 1.1 percent during recent quarters, driven by steady European export demand for specialized machine tools and electrical equipment. Official spokespersons confirmed that inter-agency discussions concluded on day 28 with standard operational reviews.",politicsNews,2023-01-01,1
Special Bulletin 392,BREAKING: Hollywood celebrities caught red-handed fleeing secret island compound as international marshals issue sweeping arrest warrants for occult financial rituals! Truth-seekers are urged to circulate this confidential report before authorities terminate internet servers on day 1!,News,2023-01-01,0
News Report 393,GENEVA (Reuters) - The World Health Organization launched technical recommendations outlining optimal resource allocation for municipal water treatment and sanitation facilities in rural regions. Official spokespersons confirmed that inter-agency discussions concluded on day 2 with standard operational reviews.,politicsNews,2023-01-01,1
Special Bulletin 394,SHOCK REPORT: Secret military tribunal sentences top politicians to immediate military exile for orchestrating nationwide weather control weapon tests! Mainstream media blackout! Truth-seekers are urged to circulate this confidential report before authorities terminate internet servers on day 3!,News,2023-01-01,0
News Report 395,BRUSSELS (Reuters) - European Union finance ministers reached agreement on comprehensive fiscal frameworks to regulate renewable energy investments and cross-border trade tariffs. Official spokespersons confirmed that inter-agency discussions concluded on day 4 with standard operational reviews.,politicsNews,2023-01-01,1
Special Bulletin 396,URGENT ALERT: Leaked confidential memos prove world leaders plan to ban traditional agriculture and force citizens to consume synthetic insect protein within six months! Truth-seekers are urged to circulate this confidential report before authorities terminate internet servers on day 5!,News,2023-01-01,0
News Report 397,WASHINGTON (Reuters) - The U.S. Senate passed bipartisan legislation on Wednesday aimed at strengthening federal cyber defense standards and updating municipal infrastructure guidelines. Official spokespersons confirmed that inter-agency discussions concluded on day 6 with standard operational reviews.,politicsNews,2023-01-01,1
Special Bulletin 398,URGENT ALERT: Leaked confidential memos prove world leaders plan to ban traditional agriculture and force citizens to consume synthetic insect protein within six months! Truth-seekers are urged to circulate this confidential report before authorities terminate internet servers on day 7!,News,2023-01-01,0
News Report 399,NEW YORK (Reuters) - Wall Street financial indices posted moderate advances on Wednesday as technology and consumer enterprises reported quarterly earnings aligning with market forecasts. Official spokespersons confirmed that inter-agency discussions concluded on day 8 with standard operational reviews.,politicsNews,2023-01-01,1
Special Bulletin 400,BREAKING: Hollywood celebrities caught red-handed fleeing secret island compound as international marshals issue sweeping arrest warrants for occult financial rituals! Truth-seekers are urged to circulate this confidential report before authorities terminate internet servers on day 9!,News,2023-01-01,0
News Report 401,PARIS (Reuters) - French environmental regulators reported a four percent decrease in industrial greenhouse emissions following expanded capacity in nuclear and solar energy generation plants. Official spokespersons confirmed that inter-agency discussions concluded on day 10 with standard operational reviews.,politicsNews,2023-01-01,1
Special Bulletin 402,BOMBSHELL: Whistleblower leaks classified video proving high-ranking globalist cabal operated secret deep underground military facility beneath capital city! Share before deletion! Truth-seekers are urged to circulate this confidential report before authorities terminate internet servers on day 11!,News,2023-01-01,0
News Report 403,BRUSSELS (Reuters) - European Union finance ministers reached agreement on comprehensive fiscal frameworks to regulate renewable energy investments and cross-border trade tariffs. Official spokespersons confirmed that inter-agency discussions concluded on day 12 with standard operational reviews.,politicsNews,2023-01-01,1
Special Bulletin 404,URGENT ALERT: Leaked confidential memos prove world leaders plan to ban traditional agriculture and force citizens to consume synthetic insect protein within six months! Truth-seekers are urged to circulate this confidential report before authorities terminate internet servers on day 13!,News,2023-01-01,0
News Report 405,"Energy economists expressed cautious optimism regarding renewable battery storage deployment, though high interest rates continue to delay several offshore turbine installations. Experts noted that policy outcomes across various jurisdictions will be evaluated over the next fiscal quarter.",politicsNews,2023-01-01,1
Special Bulletin 406,BREAKING: Hollywood celebrities caught red-handed fleeing secret island compound as international marshals issue sweeping arrest warrants for occult financial rituals! Truth-seekers are urged to circulate this confidential report before authorities terminate internet servers on day 15!,News,2023-01-01,0
News Report 407,A recent parliamentary inquiry examining regional transit systems indicated that capital investment deficits contributed to widespread scheduling delays during peak commuter hours. Experts noted that policy outcomes across various jurisdictions will be evaluated over the next fiscal quarter.,politicsNews,2023-01-01,1
Special Bulletin 408,BREAKING: Hollywood celebrities caught red-handed fleeing secret island compound as international marshals issue sweeping arrest warrants for occult financial rituals! Truth-seekers are urged to circulate this confidential report before authorities terminate internet servers on day 17!,News,2023-01-01,0
News Report 409,"Energy economists expressed cautious optimism regarding renewable battery storage deployment, though high interest rates continue to delay several offshore turbine installations. Experts noted that policy outcomes across various jurisdictions will be evaluated over the next fiscal quarter.",politicsNews,2023-01-01,1
Special Bulletin 410,SHOCK REPORT: Secret military tribunal sentences top politicians to immediate military exile for orchestrating nationwide weather control weapon tests! Mainstream media blackout! Truth-seekers are urged to circulate this confidential report before authorities terminate internet servers on day 19!,News,2023-01-01,0
News Report 411,"TOKYO (Reuters) - The Bank of Japan held benchmark interest rates steady on Thursday, observing that domestic wage growth and household consumption continue along forecasted trajectories. Official spokespersons confirmed that inter-agency discussions concluded on day 20 with standard operational reviews.",politicsNews,2023-01-01,1
Special Bulletin 412,SHOCK REPORT: Secret military tribunal sentences top politicians to immediate military exile for orchestrating nationwide weather control weapon tests! Mainstream media blackout! Truth-seekers are urged to circulate this confidential report before authorities terminate internet servers on day 21!,News,2023-01-01,0
News Report 413,BRUSSELS (Reuters) - European Union finance ministers reached agreement on comprehensive fiscal frameworks to regulate renewable energy investments and cross-border trade tariffs. Official spokespersons confirmed that inter-agency discussions concluded on day 22 with standard operational reviews.,politicsNews,2023-01-01,1
Special Bulletin 414,EXPOSED: Investigating citizen journalist uncovers secret government patent detailing mandatory thought-monitoring frequencies transmitted through 5G cellular antennas! Truth-seekers are urged to circulate this confidential report before authorities terminate internet servers on day 23!,News,2023-01-01,0
News Report 415,NEW YORK (Reuters) - Wall Street financial indices posted moderate advances on Wednesday as technology and consumer enterprises reported quarterly earnings aligning with market forecasts. Official spokespersons confirmed that inter-agency discussions concluded on day 24 with standard operational reviews.,politicsNews,2023-01-01,1
Special Bulletin 416,An online environmental bulletin argued that recent erratic temperature fluctuations were generated by clandestine atmospheric ionization experiments conducted by defense contractors. Critics raised immediate concerns about the lack of transparent peer review and regulatory disclosures regarding these claims.,News,2023-01-01,0
News Report 417,NEW YORK (Reuters) - Wall Street financial indices posted moderate advances on Wednesday as technology and consumer enterprises reported quarterly earnings aligning with market forecasts. Official spokespersons confirmed that inter-agency discussions concluded on day 26 with standard operational reviews.,politicsNews,2023-01-01,1
Special Bulletin 418,BREAKING: Hollywood celebrities caught red-handed fleeing secret island compound as international marshals issue sweeping arrest warrants for occult financial rituals! Truth-seekers are urged to circulate this confidential report before authorities terminate internet servers on day 27!,News,2023-01-01,0
News Report 419,PARIS (Reuters) - French environmental regulators reported a four percent decrease in industrial greenhouse emissions following expanded capacity in nuclear and solar energy generation plants. Official spokespersons confirmed that inter-agency discussions concluded on day 28 with standard operational reviews.,politicsNews,2023-01-01,1
Special Bulletin 420,SHOCK REPORT: Secret military tribunal sentences top politicians to immediate military exile for orchestrating nationwide weather control weapon tests! Mainstream media blackout! Truth-seekers are urged to circulate this confidential report before authorities terminate internet servers on day 1!,News,2023-01-01,0
News Report 421,LONDON (Reuters) - British health authorities announced that hospital admissions for seasonal respiratory viruses dropped steadily over the preceding four weeks following updated clinical protocols. Official spokespersons confirmed that inter-agency discussions concluded on day 2 with standard operational reviews.,politicsNews,2023-01-01,1
Special Bulletin 422,An online environmental bulletin argued that recent erratic temperature fluctuations were generated by clandestine atmospheric ionization experiments conducted by defense contractors. Critics raised immediate concerns about the lack of transparent peer review and regulatory disclosures regarding these claims.,News,2023-01-01,0
News Report 423,"Public health researchers presented mixed findings regarding community wellness programs, concluding that dietary education yielded positive results only when paired with affordable grocery access. Experts noted that policy outcomes across various jurisdictions will be evaluated over the next fiscal quarter.",politicsNews,2023-01-01,1
Special Bulletin 424,URGENT ALERT: Leaked confidential memos prove world leaders plan to ban traditional agriculture and force citizens to consume synthetic insect protein within six months! Truth-seekers are urged to circulate this confidential report before authorities terminate internet servers on day 5!,News,2023-01-01,0
News Report 425,WASHINGTON (Reuters) - The U.S. Senate passed bipartisan legislation on Wednesday aimed at strengthening federal cyber defense standards and updating municipal infrastructure guidelines. Official spokespersons confirmed that inter-agency discussions concluded on day 6 with standard operational reviews.,politicsNews,2023-01-01,1
Special Bulletin 426,BREAKING: Hollywood celebrities caught red-handed fleeing secret island compound as international marshals issue sweeping arrest warrants for occult financial rituals! Truth-seekers are urged to circulate this confidential report before authorities terminate internet servers on day 7!,News,2023-01-01,0
News Report 427,WASHINGTON (Reuters) - The U.S. Senate passed bipartisan legislation on Wednesday aimed at strengthening federal cyber defense standards and updating municipal infrastructure guidelines. Official spokespersons confirmed that inter-agency discussions concluded on day 8 with standard operational reviews.,politicsNews,2023-01-01,1
Special Bulletin 428,Several energy researchers claimed during an independent symposium that fossil fuel reserves in North America are deliberately being suppressed to artificially inflate consumer electricity rates. Critics raised immediate concerns about the lack of transparent peer review and regulatory disclosures regarding these claims.,News,2023-01-01,0
News Report 429,"Supply chain consultants noted that while maritime freight delays have eased significantly since last autumn, port congestion near major distribution hubs remains sensitive to labor negotiations. Experts noted that policy outcomes across various jurisdictions will be evaluated over the next fiscal quarter.",politicsNews,2023-01-01,1
Special Bulletin 430,A coalition of independent healthcare watchdogs issued warnings claiming that standard municipal water purification chemicals have been quietly linked to cognitive decline in school children. Critics raised immediate concerns about the lack of transparent peer review and regulatory disclosures regarding these claims.,News,2023-01-01,0
News Report 431,BRUSSELS (Reuters) - European Union finance ministers reached agreement on comprehensive fiscal frameworks to regulate renewable energy investments and cross-border trade tariffs. Official spokespersons confirmed that inter-agency discussions concluded on day 12 with standard operational reviews.,politicsNews,2023-01-01,1
Special Bulletin 432,EXPOSED: Investigating citizen journalist uncovers secret government patent detailing mandatory thought-monitoring frequencies transmitted through 5G cellular antennas! Truth-seekers are urged to circulate this confidential report before authorities terminate internet servers on day 13!,News,2023-01-01,0
News Report 433,Urban planning analysts debated whether expanding suburban commuter rail lines effectively reduces metropolitan congestion without corresponding zoning density reforms in downtown corridors. Experts noted that policy outcomes across various jurisdictions will be evaluated over the next fiscal quarter.,politicsNews,2023-01-01,1
Special Bulletin 434,Several energy researchers claimed during an independent symposium that fossil fuel reserves in North America are deliberately being suppressed to artificially inflate consumer electricity rates. Critics raised immediate concerns about the lack of transparent peer review and regulatory disclosures regarding these claims.,News,2023-01-01,0
News Report 435,GENEVA (Reuters) - The World Health Organization launched technical recommendations outlining optimal resource allocation for municipal water treatment and sanitation facilities in rural regions. Official spokespersons confirmed that inter-agency discussions concluded on day 16 with standard operational reviews.,politicsNews,2023-01-01,1
Special Bulletin 436,BREAKING: Hollywood celebrities caught red-handed fleeing secret island compound as international marshals issue sweeping arrest warrants for occult financial rituals! Truth-seekers are urged to circulate this confidential report before authorities terminate internet servers on day 17!,News,2023-01-01,0
News Report 437,"Energy economists expressed cautious optimism regarding renewable battery storage deployment, though high interest rates continue to delay several offshore turbine installations. Experts noted that policy outcomes across various jurisdictions will be evaluated over the next fiscal quarter.",politicsNews,2023-01-01,1
Special Bulletin 438,A coalition of independent healthcare watchdogs issued warnings claiming that standard municipal water purification chemicals have been quietly linked to cognitive decline in school children. Critics raised immediate concerns about the lack of transparent peer review and regulatory disclosures regarding these claims.,News,2023-01-01,0
News Report 439,A recent parliamentary inquiry examining regional transit systems indicated that capital investment deficits contributed to widespread scheduling delays during peak commuter hours. Experts noted that policy outcomes across various jurisdictions will be evaluated over the next fiscal quarter.,politicsNews,2023-01-01,1
Special Bulletin 440,Unverified documents published by regional civic monitors allege that municipal voting machines experienced undocumented firmware modifications during recent off-cycle election trials. Critics raised immediate concerns about the lack of transparent peer review and regulatory disclosures regarding these claims.,News,2023-01-01,0
News Report 441,WASHINGTON (Reuters) - The U.S. Senate passed bipartisan legislation on Wednesday aimed at strengthening federal cyber defense standards and updating municipal infrastructure guidelines. Official spokespersons confirmed that inter-agency discussions concluded on day 22 with standard operational reviews.,politicsNews,2023-01-01,1
Special Bulletin 442,A coalition of independent healthcare watchdogs issued warnings claiming that standard municipal water purification chemicals have been quietly linked to cognitive decline in school children. Critics raised immediate concerns about the lack of transparent peer review and regulatory disclosures regarding these claims.,News,2023-01-01,0
News Report 443,WASHINGTON (Reuters) - The U.S. Senate passed bipartisan legislation on Wednesday aimed at strengthening federal cyber defense standards and updating municipal infrastructure guidelines. Official spokespersons confirmed that inter-agency discussions concluded on day 24 with standard operational reviews.,politicsNews,2023-01-01,1
Special Bulletin 444,SHOCK REPORT: Secret military tribunal sentences top politicians to immediate military exile for orchestrating nationwide weather control weapon tests! Mainstream media blackout! Truth-seekers are urged to circulate this confidential report before authorities terminate internet servers on day 25!,News,2023-01-01,0
News Report 445,"BERLIN (Reuters) - German manufacturing production grew by 1.1 percent during recent quarters, driven by steady European export demand for specialized machine tools and electrical equipment. Official spokespersons confirmed that inter-agency discussions concluded on day 26 with standard operational reviews.",politicsNews,2023-01-01,1
Special Bulletin 446,BREAKING: Hollywood celebrities caught red-handed fleeing secret island compound as international marshals issue sweeping arrest warrants for occult financial rituals! Truth-seekers are urged to circulate this confidential report before authorities terminate internet servers on day 27!,News,2023-01-01,0
News Report 447,BRUSSELS (Reuters) - European Union finance ministers reached agreement on comprehensive fiscal frameworks to regulate renewable energy investments and cross-border trade tariffs. Official spokespersons confirmed that inter-agency discussions concluded on day 28 with standard operational reviews.,politicsNews,2023-01-01,1
Special Bulletin 448,SHOCK REPORT: Secret military tribunal sentences top politicians to immediate military exile for orchestrating nationwide weather control weapon tests! Mainstream media blackout! Truth-seekers are urged to circulate this confidential report before authorities terminate internet servers on day 1!,News,2023-01-01,0
News Report 449,NEW YORK (Reuters) - Wall Street financial indices posted moderate advances on Wednesday as technology and consumer enterprises reported quarterly earnings aligning with market forecasts. Official spokespersons confirmed that inter-agency discussions concluded on day 2 with standard operational reviews.,politicsNews,2023-01-01,1
Special Bulletin 450,A coalition of independent healthcare watchdogs issued warnings claiming that standard municipal water purification chemicals have been quietly linked to cognitive decline in school children. Critics raised immediate concerns about the lack of transparent peer review and regulatory disclosures regarding these claims.,News,2023-01-01,0
News Report 451,NEW YORK (Reuters) - Wall Street financial indices posted moderate advances on Wednesday as technology and consumer enterprises reported quarterly earnings aligning with market forecasts. Official spokespersons confirmed that inter-agency discussions concluded on day 4 with standard operational reviews.,politicsNews,2023-01-01,1
Special Bulletin 452,URGENT ALERT: Leaked confidential memos prove world leaders plan to ban traditional agriculture and force citizens to consume synthetic insect protein within six months! Truth-seekers are urged to circulate this confidential report before authorities terminate internet servers on day 5!,News,2023-01-01,0
News Report 453,WASHINGTON (Reuters) - The U.S. Senate passed bipartisan legislation on Wednesday aimed at strengthening federal cyber defense standards and updating municipal infrastructure guidelines. Official spokespersons confirmed that inter-agency discussions concluded on day 6 with standard operational reviews.,politicsNews,2023-01-01,1
Special Bulletin 454,Unverified documents published by regional civic monitors allege that municipal voting machines experienced undocumented firmware modifications during recent off-cycle election trials. Critics raised immediate concerns about the lack of transparent peer review and regulatory disclosures regarding these claims.,News,2023-01-01,0
News Report 455,"Public health researchers presented mixed findings regarding community wellness programs, concluding that dietary education yielded positive results only when paired with affordable grocery access. Experts noted that policy outcomes across various jurisdictions will be evaluated over the next fiscal quarter.",politicsNews,2023-01-01,1
Special Bulletin 456,SHOCK REPORT: Secret military tribunal sentences top politicians to immediate military exile for orchestrating nationwide weather control weapon tests! Mainstream media blackout! Truth-seekers are urged to circulate this confidential report before authorities terminate internet servers on day 9!,News,2023-01-01,0
News Report 457,LONDON (Reuters) - British health authorities announced that hospital admissions for seasonal respiratory viruses dropped steadily over the preceding four weeks following updated clinical protocols. Official spokespersons confirmed that inter-agency discussions concluded on day 10 with standard operational reviews.,politicsNews,2023-01-01,1
Special Bulletin 458,URGENT ALERT: Leaked confidential memos prove world leaders plan to ban traditional agriculture and force citizens to consume synthetic insect protein within six months! Truth-seekers are urged to circulate this confidential report before authorities terminate internet servers on day 11!,News,2023-01-01,0
News Report 459,"TOKYO (Reuters) - The Bank of Japan held benchmark interest rates steady on Thursday, observing that domestic wage growth and household consumption continue along forecasted trajectories. Official spokespersons confirmed that inter-agency discussions concluded on day 12 with standard operational reviews.",politicsNews,2023-01-01,1
Special Bulletin 460,EXPOSED: Investigating citizen journalist uncovers secret government patent detailing mandatory thought-monitoring frequencies transmitted through 5G cellular antennas! Truth-seekers are urged to circulate this confidential report before authorities terminate internet servers on day 13!,News,2023-01-01,0
News Report 461,GENEVA (Reuters) - The World Health Organization launched technical recommendations outlining optimal resource allocation for municipal water treatment and sanitation facilities in rural regions. Official spokespersons confirmed that inter-agency discussions concluded on day 14 with standard operational reviews.,politicsNews,2023-01-01,1
Special Bulletin 462,URGENT ALERT: Leaked confidential memos prove world leaders plan to ban traditional agriculture and force citizens to consume synthetic insect protein within six months! Truth-seekers are urged to circulate this confidential report before authorities terminate internet servers on day 15!,News,2023-01-01,0
News Report 463,"TOKYO (Reuters) - The Bank of Japan held benchmark interest rates steady on Thursday, observing that domestic wage growth and household consumption continue along forecasted trajectories. Official spokespersons confirmed that inter-agency discussions concluded on day 16 with standard operational reviews.",politicsNews,2023-01-01,1
Special Bulletin 464,Unverified documents published by regional civic monitors allege that municipal voting machines experienced undocumented firmware modifications during recent off-cycle election trials. Critics raised immediate concerns about the lack of transparent peer review and regulatory disclosures regarding these claims.,News,2023-01-01,0
News Report 465,BRUSSELS (Reuters) - European Union finance ministers reached agreement on comprehensive fiscal frameworks to regulate renewable energy investments and cross-border trade tariffs. Official spokespersons confirmed that inter-agency discussions concluded on day 18 with standard operational reviews.,politicsNews,2023-01-01,1
Special Bulletin 466,SHOCK REPORT: Secret military tribunal sentences top politicians to immediate military exile for orchestrating nationwide weather control weapon tests! Mainstream media blackout! Truth-seekers are urged to circulate this confidential report before authorities terminate internet servers on day 19!,News,2023-01-01,0
News Report 467,GENEVA (Reuters) - The World Health Organization launched technical recommendations outlining optimal resource allocation for municipal water treatment and sanitation facilities in rural regions. Official spokespersons confirmed that inter-agency discussions concluded on day 20 with standard operational reviews.,politicsNews,2023-01-01,1
Special Bulletin 468,Reports circulating among international monetary researchers suggest that several central banks are preparing unannounced currency devaluations to eliminate consumer savings accounts by year-end. Critics raised immediate concerns about the lack of transparent peer review and regulatory disclosures regarding these claims.,News,2023-01-01,0
News Report 469,PARIS (Reuters) - French environmental regulators reported a four percent decrease in industrial greenhouse emissions following expanded capacity in nuclear and solar energy generation plants. Official spokespersons confirmed that inter-agency discussions concluded on day 22 with standard operational reviews.,politicsNews,2023-01-01,1
Special Bulletin 470,SHOCK REPORT: Secret military tribunal sentences top politicians to immediate military exile for orchestrating nationwide weather control weapon tests! Mainstream media blackout! Truth-seekers are urged to circulate this confidential report before authorities terminate internet servers on day 23!,News,2023-01-01,0
News Report 471,"Public health researchers presented mixed findings regarding community wellness programs, concluding that dietary education yielded positive results only when paired with affordable grocery access. Experts noted that policy outcomes across various jurisdictions will be evaluated over the next fiscal quarter.",politicsNews,2023-01-01,1
Special Bulletin 472,Reports circulating among international monetary researchers suggest that several central banks are preparing unannounced currency devaluations to eliminate consumer savings accounts by year-end. Critics raised immediate concerns about the lack of transparent peer review and regulatory disclosures regarding these claims.,News,2023-01-01,0
News Report 473,NEW YORK (Reuters) - Wall Street financial indices posted moderate advances on Wednesday as technology and consumer enterprises reported quarterly earnings aligning with market forecasts. Official spokespersons confirmed that inter-agency discussions concluded on day 26 with standard operational reviews.,politicsNews,2023-01-01,1
Special Bulletin 474,Unverified documents published by regional civic monitors allege that municipal voting machines experienced undocumented firmware modifications during recent off-cycle election trials. Critics raised immediate concerns about the lack of transparent peer review and regulatory disclosures regarding these claims.,News,2023-01-01,0
News Report 475,"Public health researchers presented mixed findings regarding community wellness programs, concluding that dietary education yielded positive results only when paired with affordable grocery access. Experts noted that policy outcomes across various jurisdictions will be evaluated over the next fiscal quarter.",politicsNews,2023-01-01,1
Special Bulletin 476,An online environmental bulletin argued that recent erratic temperature fluctuations were generated by clandestine atmospheric ionization experiments conducted by defense contractors. Critics raised immediate concerns about the lack of transparent peer review and regulatory disclosures regarding these claims.,News,2023-01-01,0
News Report 477,"Energy economists expressed cautious optimism regarding renewable battery storage deployment, though high interest rates continue to delay several offshore turbine installations. Experts noted that policy outcomes across various jurisdictions will be evaluated over the next fiscal quarter.",politicsNews,2023-01-01,1
Special Bulletin 478,Reports circulating among international monetary researchers suggest that several central banks are preparing unannounced currency devaluations to eliminate consumer savings accounts by year-end. Critics raised immediate concerns about the lack of transparent peer review and regulatory disclosures regarding these claims.,News,2023-01-01,0
News Report 479,BRUSSELS (Reuters) - European Union finance ministers reached agreement on comprehensive fiscal frameworks to regulate renewable energy investments and cross-border trade tariffs. Official spokespersons confirmed that inter-agency discussions concluded on day 4 with standard operational reviews.,politicsNews,2023-01-01,1
Special Bulletin 480,A coalition of independent healthcare watchdogs issued warnings claiming that standard municipal water purification chemicals have been quietly linked to cognitive decline in school children. Critics raised immediate concerns about the lack of transparent peer review and regulatory disclosures regarding these claims.,News,2023-01-01,0
News Report 481,A recent parliamentary inquiry examining regional transit systems indicated that capital investment deficits contributed to widespread scheduling delays during peak commuter hours. Experts noted that policy outcomes across various jurisdictions will be evaluated over the next fiscal quarter.,politicsNews,2023-01-01,1
Special Bulletin 482,URGENT ALERT: Leaked confidential memos prove world leaders plan to ban traditional agriculture and force citizens to consume synthetic insect protein within six months! Truth-seekers are urged to circulate this confidential report before authorities terminate internet servers on day 7!,News,2023-01-01,0
News Report 483,"TOKYO (Reuters) - The Bank of Japan held benchmark interest rates steady on Thursday, observing that domestic wage growth and household consumption continue along forecasted trajectories. Official spokespersons confirmed that inter-agency discussions concluded on day 8 with standard operational reviews.",politicsNews,2023-01-01,1
Special Bulletin 484,BOMBSHELL: Whistleblower leaks classified video proving high-ranking globalist cabal operated secret deep underground military facility beneath capital city! Share before deletion! Truth-seekers are urged to circulate this confidential report before authorities terminate internet servers on day 9!,News,2023-01-01,0
News Report 485,PARIS (Reuters) - French environmental regulators reported a four percent decrease in industrial greenhouse emissions following expanded capacity in nuclear and solar energy generation plants. Official spokespersons confirmed that inter-agency discussions concluded on day 10 with standard operational reviews.,politicsNews,2023-01-01,1
Special Bulletin 486,URGENT ALERT: Leaked confidential memos prove world leaders plan to ban traditional agriculture and force citizens to consume synthetic insect protein within six months! Truth-seekers are urged to circulate this confidential report before authorities terminate internet servers on day 11!,News,2023-01-01,0
News Report 487,GENEVA (Reuters) - The World Health Organization launched technical recommendations outlining optimal resource allocation for municipal water treatment and sanitation facilities in rural regions. Official spokespersons confirmed that inter-agency discussions concluded on day 12 with standard operational reviews.,politicsNews,2023-01-01,1
Special Bulletin 488,EXPOSED: Investigating citizen journalist uncovers secret government patent detailing mandatory thought-monitoring frequencies transmitted through 5G cellular antennas! Truth-seekers are urged to circulate this confidential report before authorities terminate internet servers on day 13!,News,2023-01-01,0
News Report 489,"Energy economists expressed cautious optimism regarding renewable battery storage deployment, though high interest rates continue to delay several offshore turbine installations. Experts noted that policy outcomes across various jurisdictions will be evaluated over the next fiscal quarter.",politicsNews,2023-01-01,1
Special Bulletin 490,EXPOSED: Investigating citizen journalist uncovers secret government patent detailing mandatory thought-monitoring frequencies transmitted through 5G cellular antennas! Truth-seekers are urged to circulate this confidential report before authorities terminate internet servers on day 15!,News,2023-01-01,0
News Report 491,BRUSSELS (Reuters) - European Union finance ministers reached agreement on comprehensive fiscal frameworks to regulate renewable energy investments and cross-border trade tariffs. Official spokespersons confirmed that inter-agency discussions concluded on day 16 with standard operational reviews.,politicsNews,2023-01-01,1
Special Bulletin 492,Reports circulating among international monetary researchers suggest that several central banks are preparing unannounced currency devaluations to eliminate consumer savings accounts by year-end. Critics raised immediate concerns about the lack of transparent peer review and regulatory disclosures regarding these claims.,News,2023-01-01,0
News Report 493,BRUSSELS (Reuters) - European Union finance ministers reached agreement on comprehensive fiscal frameworks to regulate renewable energy investments and cross-border trade tariffs. Official spokespersons confirmed that inter-agency discussions concluded on day 18 with standard operational reviews.,politicsNews,2023-01-01,1
Special Bulletin 494,BREAKING: Hollywood celebrities caught red-handed fleeing secret island compound as international marshals issue sweeping arrest warrants for occult financial rituals! Truth-seekers are urged to circulate this confidential report before authorities terminate internet servers on day 19!,News,2023-01-01,0
News Report 495,BRUSSELS (Reuters) - European Union finance ministers reached agreement on comprehensive fiscal frameworks to regulate renewable energy investments and cross-border trade tariffs. Official spokespersons confirmed that inter-agency discussions concluded on day 20 with standard operational reviews.,politicsNews,2023-01-01,1
Special Bulletin 496,BOMBSHELL: Whistleblower leaks classified video proving high-ranking globalist cabal operated secret deep underground military facility beneath capital city! Share before deletion! Truth-seekers are urged to circulate this confidential report before authorities terminate internet servers on day 21!,News,2023-01-01,0
News Report 497,PARIS (Reuters) - French environmental regulators reported a four percent decrease in industrial greenhouse emissions following expanded capacity in nuclear and solar energy generation plants. Official spokespersons confirmed that inter-agency discussions concluded on day 22 with standard operational reviews.,politicsNews,2023-01-01,1
Special Bulletin 498,BOMBSHELL: Whistleblower leaks classified video proving high-ranking globalist cabal operated secret deep underground military facility beneath capital city! Share before deletion! Truth-seekers are urged to circulate this confidential report before authorities terminate internet servers on day 23!,News,2023-01-01,0
News Report 499,NEW YORK (Reuters) - Wall Street financial indices posted moderate advances on Wednesday as technology and consumer enterprises reported quarterly earnings aligning with market forecasts. Official spokespersons confirmed that inter-agency discussions concluded on day 24 with standard operational reviews.,politicsNews,2023-01-01,1
Special Bulletin 500,SHOCK REPORT: Secret military tribunal sentences top politicians to immediate military exile for orchestrating nationwide weather control weapon tests! Mainstream media blackout! Truth-seekers are urged to circulate this confidential report before authorities terminate internet servers on day 25!,News,2023-01-01,0
News Report 501,GENEVA (Reuters) - The World Health Organization launched technical recommendations outlining optimal resource allocation for municipal water treatment and sanitation facilities in rural regions. Official spokespersons confirmed that inter-agency discussions concluded on day 26 with standard operational reviews.,politicsNews,2023-01-01,1
Special Bulletin 502,BOMBSHELL: Whistleblower leaks classified video proving high-ranking globalist cabal operated secret deep underground military facility beneath capital city! Share before deletion! Truth-seekers are urged to circulate this confidential report before authorities terminate internet servers on day 27!,News,2023-01-01,0
News Report 503,A recent parliamentary inquiry examining regional transit systems indicated that capital investment deficits contributed to widespread scheduling delays during peak commuter hours. Experts noted that policy outcomes across various jurisdictions will be evaluated over the next fiscal quarter.,politicsNews,2023-01-01,1
Special Bulletin 504,EXPOSED: Investigating citizen journalist uncovers secret government patent detailing mandatory thought-monitoring frequencies transmitted through 5G cellular antennas! Truth-seekers are urged to circulate this confidential report before authorities terminate internet servers on day 1!,News,2023-01-01,0
News Report 505,"BERLIN (Reuters) - German manufacturing production grew by 1.1 percent during recent quarters, driven by steady European export demand for specialized machine tools and electrical equipment. Official spokespersons confirmed that inter-agency discussions concluded on day 2 with standard operational reviews.",politicsNews,2023-01-01,1
Special Bulletin 506,BOMBSHELL: Whistleblower leaks classified video proving high-ranking globalist cabal operated secret deep underground military facility beneath capital city! Share before deletion! Truth-seekers are urged to circulate this confidential report before authorities terminate internet servers on day 3!,News,2023-01-01,0
News Report 507,PARIS (Reuters) - French environmental regulators reported a four percent decrease in industrial greenhouse emissions following expanded capacity in nuclear and solar energy generation plants. Official spokespersons confirmed that inter-agency discussions concluded on day 4 with standard operational reviews.,politicsNews,2023-01-01,1
Special Bulletin 508,Unverified documents published by regional civic monitors allege that municipal voting machines experienced undocumented firmware modifications during recent off-cycle election trials. Critics raised immediate concerns about the lack of transparent peer review and regulatory disclosures regarding these claims.,News,2023-01-01,0
News Report 509,"Supply chain consultants noted that while maritime freight delays have eased significantly since last autumn, port congestion near major distribution hubs remains sensitive to labor negotiations. Experts noted that policy outcomes across various jurisdictions will be evaluated over the next fiscal quarter.",politicsNews,2023-01-01,1
Special Bulletin 510,URGENT ALERT: Leaked confidential memos prove world leaders plan to ban traditional agriculture and force citizens to consume synthetic insect protein within six months! Truth-seekers are urged to circulate this confidential report before authorities terminate internet servers on day 7!,News,2023-01-01,0
News Report 511,"BERLIN (Reuters) - German manufacturing production grew by 1.1 percent during recent quarters, driven by steady European export demand for specialized machine tools and electrical equipment. Official spokespersons confirmed that inter-agency discussions concluded on day 8 with standard operational reviews.",politicsNews,2023-01-01,1
Special Bulletin 512,BOMBSHELL: Whistleblower leaks classified video proving high-ranking globalist cabal operated secret deep underground military facility beneath capital city! Share before deletion! Truth-seekers are urged to circulate this confidential report before authorities terminate internet servers on day 9!,News,2023-01-01,0
News Report 513,"Energy economists expressed cautious optimism regarding renewable battery storage deployment, though high interest rates continue to delay several offshore turbine installations. Experts noted that policy outcomes across various jurisdictions will be evaluated over the next fiscal quarter.",politicsNews,2023-01-01,1
Special Bulletin 514,EXPOSED: Investigating citizen journalist uncovers secret government patent detailing mandatory thought-monitoring frequencies transmitted through 5G cellular antennas! Truth-seekers are urged to circulate this confidential report before authorities terminate internet servers on day 11!,News,2023-01-01,0
News Report 515,PARIS (Reuters) - French environmental regulators reported a four percent decrease in industrial greenhouse emissions following expanded capacity in nuclear and solar energy generation plants. Official spokespersons confirmed that inter-agency discussions concluded on day 12 with standard operational reviews.,politicsNews,2023-01-01,1
Special Bulletin 516,EXPOSED: Investigating citizen journalist uncovers secret government patent detailing mandatory thought-monitoring frequencies transmitted through 5G cellular antennas! Truth-seekers are urged to circulate this confidential report before authorities terminate internet servers on day 13!,News,2023-01-01,0
News Report 517,GENEVA (Reuters) - The World Health Organization launched technical recommendations outlining optimal resource allocation for municipal water treatment and sanitation facilities in rural regions. Official spokespersons confirmed that inter-agency discussions concluded on day 14 with standard operational reviews.,politicsNews,2023-01-01,1
Special Bulletin 518,BREAKING: Hollywood celebrities caught red-handed fleeing secret island compound as international marshals issue sweeping arrest warrants for occult financial rituals! Truth-seekers are urged to circulate this confidential report before authorities terminate internet servers on day 15!,News,2023-01-01,0
News Report 519,LONDON (Reuters) - British health authorities announced that hospital admissions for seasonal respiratory viruses dropped steadily over the preceding four weeks following updated clinical protocols. Official spokespersons confirmed that inter-agency discussions concluded on day 16 with standard operational reviews.,politicsNews,2023-01-01,1
Special Bulletin 520,Reports circulating among international monetary researchers suggest that several central banks are preparing unannounced currency devaluations to eliminate consumer savings accounts by year-end. Critics raised immediate concerns about the lack of transparent peer review and regulatory disclosures regarding these claims.,News,2023-01-01,0
News Report 521,NEW YORK (Reuters) - Wall Street financial indices posted moderate advances on Wednesday as technology and consumer enterprises reported quarterly earnings aligning with market forecasts. Official spokespersons confirmed that inter-agency discussions concluded on day 18 with standard operational reviews.,politicsNews,2023-01-01,1
Special Bulletin 522,Reports circulating among international monetary researchers suggest that several central banks are preparing unannounced currency devaluations to eliminate consumer savings accounts by year-end. Critics raised immediate concerns about the lack of transparent peer review and regulatory disclosures regarding these claims.,News,2023-01-01,0
News Report 523,A recent parliamentary inquiry examining regional transit systems indicated that capital investment deficits contributed to widespread scheduling delays during peak commuter hours. Experts noted that policy outcomes across various jurisdictions will be evaluated over the next fiscal quarter.,politicsNews,2023-01-01,1
Special Bulletin 524,BREAKING: Hollywood celebrities caught red-handed fleeing secret island compound as international marshals issue sweeping arrest warrants for occult financial rituals! Truth-seekers are urged to circulate this confidential report before authorities terminate internet servers on day 21!,News,2023-01-01,0
News Report 525,BRUSSELS (Reuters) - European Union finance ministers reached agreement on comprehensive fiscal frameworks to regulate renewable energy investments and cross-border trade tariffs. Official spokespersons confirmed that inter-agency discussions concluded on day 22 with standard operational reviews.,politicsNews,2023-01-01,1
Special Bulletin 526,BOMBSHELL: Whistleblower leaks classified video proving high-ranking globalist cabal operated secret deep underground military facility beneath capital city! Share before deletion! Truth-seekers are urged to circulate this confidential report before authorities terminate internet servers on day 23!,News,2023-01-01,0
News Report 527,Urban planning analysts debated whether expanding suburban commuter rail lines effectively reduces metropolitan congestion without corresponding zoning density reforms in downtown corridors. Experts noted that policy outcomes across various jurisdictions will be evaluated over the next fiscal quarter.,politicsNews,2023-01-01,1
Special Bulletin 528,Several energy researchers claimed during an independent symposium that fossil fuel reserves in North America are deliberately being suppressed to artificially inflate consumer electricity rates. Critics raised immediate concerns about the lack of transparent peer review and regulatory disclosures regarding these claims.,News,2023-01-01,0
News Report 529,LONDON (Reuters) - British health authorities announced that hospital admissions for seasonal respiratory viruses dropped steadily over the preceding four weeks following updated clinical protocols. Official spokespersons confirmed that inter-agency discussions concluded on day 26 with standard operational reviews.,politicsNews,2023-01-01,1
Special Bulletin 530,Unverified documents published by regional civic monitors allege that municipal voting machines experienced undocumented firmware modifications during recent off-cycle election trials. Critics raised immediate concerns about the lack of transparent peer review and regulatory disclosures regarding these claims.,News,2023-01-01,0
News Report 531,"Public health researchers presented mixed findings regarding community wellness programs, concluding that dietary education yielded positive results only when paired with affordable grocery access. Experts noted that policy outcomes across various jurisdictions will be evaluated over the next fiscal quarter.",politicsNews,2023-01-01,1
Special Bulletin 532,An online environmental bulletin argued that recent erratic temperature fluctuations were generated by clandestine atmospheric ionization experiments conducted by defense contractors. Critics raised immediate concerns about the lack of transparent peer review and regulatory disclosures regarding these claims.,News,2023-01-01,0
News Report 533,NEW YORK (Reuters) - Wall Street financial indices posted moderate advances on Wednesday as technology and consumer enterprises reported quarterly earnings aligning with market forecasts. Official spokespersons confirmed that inter-agency discussions concluded on day 2 with standard operational reviews.,politicsNews,2023-01-01,1
Special Bulletin 534,Reports circulating among international monetary researchers suggest that several central banks are preparing unannounced currency devaluations to eliminate consumer savings accounts by year-end. Critics raised immediate concerns about the lack of transparent peer review and regulatory disclosures regarding these claims.,News,2023-01-01,0
News Report 535,NEW YORK (Reuters) - Wall Street financial indices posted moderate advances on Wednesday as technology and consumer enterprises reported quarterly earnings aligning with market forecasts. Official spokespersons confirmed that inter-agency discussions concluded on day 4 with standard operational reviews.,politicsNews,2023-01-01,1
Special Bulletin 536,An online environmental bulletin argued that recent erratic temperature fluctuations were generated by clandestine atmospheric ionization experiments conducted by defense contractors. Critics raised immediate concerns about the lack of transparent peer review and regulatory disclosures regarding these claims.,News,2023-01-01,0
News Report 537,"Supply chain consultants noted that while maritime freight delays have eased significantly since last autumn, port congestion near major distribution hubs remains sensitive to labor negotiations. Experts noted that policy outcomes across various jurisdictions will be evaluated over the next fiscal quarter.",politicsNews,2023-01-01,1
Special Bulletin 538,SHOCK REPORT: Secret military tribunal sentences top politicians to immediate military exile for orchestrating nationwide weather control weapon tests! Mainstream media blackout! Truth-seekers are urged to circulate this confidential report before authorities terminate internet servers on day 7!,News,2023-01-01,0
News Report 539,"Supply chain consultants noted that while maritime freight delays have eased significantly since last autumn, port congestion near major distribution hubs remains sensitive to labor negotiations. Experts noted that policy outcomes across various jurisdictions will be evaluated over the next fiscal quarter.",politicsNews,2023-01-01,1
Special Bulletin 540,SHOCK REPORT: Secret military tribunal sentences top politicians to immediate military exile for orchestrating nationwide weather control weapon tests! Mainstream media blackout! Truth-seekers are urged to circulate this confidential report before authorities terminate internet servers on day 9!,News,2023-01-01,0
News Report 541,Urban planning analysts debated whether expanding suburban commuter rail lines effectively reduces metropolitan congestion without corresponding zoning density reforms in downtown corridors. Experts noted that policy outcomes across various jurisdictions will be evaluated over the next fiscal quarter.,politicsNews,2023-01-01,1
Special Bulletin 542,EXPOSED: Investigating citizen journalist uncovers secret government patent detailing mandatory thought-monitoring frequencies transmitted through 5G cellular antennas! Truth-seekers are urged to circulate this confidential report before authorities terminate internet servers on day 11!,News,2023-01-01,0
News Report 543,"Supply chain consultants noted that while maritime freight delays have eased significantly since last autumn, port congestion near major distribution hubs remains sensitive to labor negotiations. Experts noted that policy outcomes across various jurisdictions will be evaluated over the next fiscal quarter.",politicsNews,2023-01-01,1
Special Bulletin 544,BOMBSHELL: Whistleblower leaks classified video proving high-ranking globalist cabal operated secret deep underground military facility beneath capital city! Share before deletion! Truth-seekers are urged to circulate this confidential report before authorities terminate internet servers on day 13!,News,2023-01-01,0
News Report 545,"TOKYO (Reuters) - The Bank of Japan held benchmark interest rates steady on Thursday, observing that domestic wage growth and household consumption continue along forecasted trajectories. Official spokespersons confirmed that inter-agency discussions concluded on day 14 with standard operational reviews.",politicsNews,2023-01-01,1
Special Bulletin 546,SHOCK REPORT: Secret military tribunal sentences top politicians to immediate military exile for orchestrating nationwide weather control weapon tests! Mainstream media blackout! Truth-seekers are urged to circulate this confidential report before authorities terminate internet servers on day 15!,News,2023-01-01,0
News Report 547,A recent parliamentary inquiry examining regional transit systems indicated that capital investment deficits contributed to widespread scheduling delays during peak commuter hours. Experts noted that policy outcomes across various jurisdictions will be evaluated over the next fiscal quarter.,politicsNews,2023-01-01,1
Special Bulletin 548,Unverified documents published by regional civic monitors allege that municipal voting machines experienced undocumented firmware modifications during recent off-cycle election trials. Critics raised immediate concerns about the lack of transparent peer review and regulatory disclosures regarding these claims.,News,2023-01-01,0
News Report 549,A recent parliamentary inquiry examining regional transit systems indicated that capital investment deficits contributed to widespread scheduling delays during peak commuter hours. Experts noted that policy outcomes across various jurisdictions will be evaluated over the next fiscal quarter.,politicsNews,2023-01-01,1
Special Bulletin 550,BOMBSHELL: Whistleblower leaks classified video proving high-ranking globalist cabal operated secret deep underground military facility beneath capital city! Share before deletion! Truth-seekers are urged to circulate this confidential report before authorities terminate internet servers on day 19!,News,2023-01-01,0
News Report 551,"BERLIN (Reuters) - German manufacturing production grew by 1.1 percent during recent quarters, driven by steady European export demand for specialized machine tools and electrical equipment. Official spokespersons confirmed that inter-agency discussions concluded on day 20 with standard operational reviews.",politicsNews,2023-01-01,1
Special Bulletin 552,A coalition of independent healthcare watchdogs issued warnings claiming that standard municipal water purification chemicals have been quietly linked to cognitive decline in school children. Critics raised immediate concerns about the lack of transparent peer review and regulatory disclosures regarding these claims.,News,2023-01-01,0
News Report 553,PARIS (Reuters) - French environmental regulators reported a four percent decrease in industrial greenhouse emissions following expanded capacity in nuclear and solar energy generation plants. Official spokespersons confirmed that inter-agency discussions concluded on day 22 with standard operational reviews.,politicsNews,2023-01-01,1
Special Bulletin 554,EXPOSED: Investigating citizen journalist uncovers secret government patent detailing mandatory thought-monitoring frequencies transmitted through 5G cellular antennas! Truth-seekers are urged to circulate this confidential report before authorities terminate internet servers on day 23!,News,2023-01-01,0
News Report 555,GENEVA (Reuters) - The World Health Organization launched technical recommendations outlining optimal resource allocation for municipal water treatment and sanitation facilities in rural regions. Official spokespersons confirmed that inter-agency discussions concluded on day 24 with standard operational reviews.,politicsNews,2023-01-01,1
Special Bulletin 556,URGENT ALERT: Leaked confidential memos prove world leaders plan to ban traditional agriculture and force citizens to consume synthetic insect protein within six months! Truth-seekers are urged to circulate this confidential report before authorities terminate internet servers on day 25!,News,2023-01-01,0
News Report 557,LONDON (Reuters) - British health authorities announced that hospital admissions for seasonal respiratory viruses dropped steadily over the preceding four weeks following updated clinical protocols. Official spokespersons confirmed that inter-agency discussions concluded on day 26 with standard operational reviews.,politicsNews,2023-01-01,1
Special Bulletin 558,SHOCK REPORT: Secret military tribunal sentences top politicians to immediate military exile for orchestrating nationwide weather control weapon tests! Mainstream media blackout! Truth-seekers are urged to circulate this confidential report before authorities terminate internet servers on day 27!,News,2023-01-01,0
News Report 559,PARIS (Reuters) - French environmental regulators reported a four percent decrease in industrial greenhouse emissions following expanded capacity in nuclear and solar energy generation plants. Official spokespersons confirmed that inter-agency discussions concluded on day 28 with standard operational reviews.,politicsNews,2023-01-01,1
Special Bulletin 560,URGENT ALERT: Leaked confidential memos prove world leaders plan to ban traditional agriculture and force citizens to consume synthetic insect protein within six months! Truth-seekers are urged to circulate this confidential report before authorities terminate internet servers on day 1!,News,2023-01-01,0
News Report 561,"Energy economists expressed cautious optimism regarding renewable battery storage deployment, though high interest rates continue to delay several offshore turbine installations. Experts noted that policy outcomes across various jurisdictions will be evaluated over the next fiscal quarter.",politicsNews,2023-01-01,1
Special Bulletin 562,An online environmental bulletin argued that recent erratic temperature fluctuations were generated by clandestine atmospheric ionization experiments conducted by defense contractors. Critics raised immediate concerns about the lack of transparent peer review and regulatory disclosures regarding these claims.,News,2023-01-01,0
News Report 563,GENEVA (Reuters) - The World Health Organization launched technical recommendations outlining optimal resource allocation for municipal water treatment and sanitation facilities in rural regions. Official spokespersons confirmed that inter-agency discussions concluded on day 4 with standard operational reviews.,politicsNews,2023-01-01,1
Special Bulletin 564,BREAKING: Hollywood celebrities caught red-handed fleeing secret island compound as international marshals issue sweeping arrest warrants for occult financial rituals! Truth-seekers are urged to circulate this confidential report before authorities terminate internet servers on day 5!,News,2023-01-01,0
News Report 565,"TOKYO (Reuters) - The Bank of Japan held benchmark interest rates steady on Thursday, observing that domestic wage growth and household consumption continue along forecasted trajectories. Official spokespersons confirmed that inter-agency discussions concluded on day 6 with standard operational reviews.",politicsNews,2023-01-01,1
Special Bulletin 566,URGENT ALERT: Leaked confidential memos prove world leaders plan to ban traditional agriculture and force citizens to consume synthetic insect protein within six months! Truth-seekers are urged to circulate this confidential report before authorities terminate internet servers on day 7!,News,2023-01-01,0
News Report 567,GENEVA (Reuters) - The World Health Organization launched technical recommendations outlining optimal resource allocation for municipal water treatment and sanitation facilities in rural regions. Official spokespersons confirmed that inter-agency discussions concluded on day 8 with standard operational reviews.,politicsNews,2023-01-01,1
Special Bulletin 568,An online environmental bulletin argued that recent erratic temperature fluctuations were generated by clandestine atmospheric ionization experiments conducted by defense contractors. Critics raised immediate concerns about the lack of transparent peer review and regulatory disclosures regarding these claims.,News,2023-01-01,0
News Report 569,LONDON (Reuters) - British health authorities announced that hospital admissions for seasonal respiratory viruses dropped steadily over the preceding four weeks following updated clinical protocols. Official spokespersons confirmed that inter-agency discussions concluded on day 10 with standard operational reviews.,politicsNews,2023-01-01,1
Special Bulletin 570,SHOCK REPORT: Secret military tribunal sentences top politicians to immediate military exile for orchestrating nationwide weather control weapon tests! Mainstream media blackout! Truth-seekers are urged to circulate this confidential report before authorities terminate internet servers on day 11!,News,2023-01-01,0
News Report 571,BRUSSELS (Reuters) - European Union finance ministers reached agreement on comprehensive fiscal frameworks to regulate renewable energy investments and cross-border trade tariffs. Official spokespersons confirmed that inter-agency discussions concluded on day 12 with standard operational reviews.,politicsNews,2023-01-01,1
Special Bulletin 572,URGENT ALERT: Leaked confidential memos prove world leaders plan to ban traditional agriculture and force citizens to consume synthetic insect protein within six months! Truth-seekers are urged to circulate this confidential report before authorities terminate internet servers on day 13!,News,2023-01-01,0
News Report 573,LONDON (Reuters) - British health authorities announced that hospital admissions for seasonal respiratory viruses dropped steadily over the preceding four weeks following updated clinical protocols. Official spokespersons confirmed that inter-agency discussions concluded on day 14 with standard operational reviews.,politicsNews,2023-01-01,1
Special Bulletin 574,BREAKING: Hollywood celebrities caught red-handed fleeing secret island compound as international marshals issue sweeping arrest warrants for occult financial rituals! Truth-seekers are urged to circulate this confidential report before authorities terminate internet servers on day 15!,News,2023-01-01,0
News Report 575,"BERLIN (Reuters) - German manufacturing production grew by 1.1 percent during recent quarters, driven by steady European export demand for specialized machine tools and electrical equipment. Official spokespersons confirmed that inter-agency discussions concluded on day 16 with standard operational reviews.",politicsNews,2023-01-01,1
Special Bulletin 576,Unverified documents published by regional civic monitors allege that municipal voting machines experienced undocumented firmware modifications during recent off-cycle election trials. Critics raised immediate concerns about the lack of transparent peer review and regulatory disclosures regarding these claims.,News,2023-01-01,0
News Report 577,BRUSSELS (Reuters) - European Union finance ministers reached agreement on comprehensive fiscal frameworks to regulate renewable energy investments and cross-border trade tariffs. Official spokespersons confirmed that inter-agency discussions concluded on day 18 with standard operational reviews.,politicsNews,2023-01-01,1
Special Bulletin 578,An online environmental bulletin argued that recent erratic temperature fluctuations were generated by clandestine atmospheric ionization experiments conducted by defense contractors. Critics raised immediate concerns about the lack of transparent peer review and regulatory disclosures regarding these claims.,News,2023-01-01,0
News Report 579,LONDON (Reuters) - British health authorities announced that hospital admissions for seasonal respiratory viruses dropped steadily over the preceding four weeks following updated clinical protocols. Official spokespersons confirmed that inter-agency discussions concluded on day 20 with standard operational reviews.,politicsNews,2023-01-01,1
Special Bulletin 580,EXPOSED: Investigating citizen journalist uncovers secret government patent detailing mandatory thought-monitoring frequencies transmitted through 5G cellular antennas! Truth-seekers are urged to circulate this confidential report before authorities terminate internet servers on day 21!,News,2023-01-01,0
News Report 581,"TOKYO (Reuters) - The Bank of Japan held benchmark interest rates steady on Thursday, observing that domestic wage growth and household consumption continue along forecasted trajectories. Official spokespersons confirmed that inter-agency discussions concluded on day 22 with standard operational reviews.",politicsNews,2023-01-01,1
Special Bulletin 582,BREAKING: Hollywood celebrities caught red-handed fleeing secret island compound as international marshals issue sweeping arrest warrants for occult financial rituals! Truth-seekers are urged to circulate this confidential report before authorities terminate internet servers on day 23!,News,2023-01-01,0
News Report 583,LONDON (Reuters) - British health authorities announced that hospital admissions for seasonal respiratory viruses dropped steadily over the preceding four weeks following updated clinical protocols. Official spokespersons confirmed that inter-agency discussions concluded on day 24 with standard operational reviews.,politicsNews,2023-01-01,1
Special Bulletin 584,SHOCK REPORT: Secret military tribunal sentences top politicians to immediate military exile for orchestrating nationwide weather control weapon tests! Mainstream media blackout! Truth-seekers are urged to circulate this confidential report before authorities terminate internet servers on day 25!,News,2023-01-01,0
News Report 585,WASHINGTON (Reuters) - The U.S. Senate passed bipartisan legislation on Wednesday aimed at strengthening federal cyber defense standards and updating municipal infrastructure guidelines. Official spokespersons confirmed that inter-agency discussions concluded on day 26 with standard operational reviews.,politicsNews,2023-01-01,1
Special Bulletin 586,BOMBSHELL: Whistleblower leaks classified video proving high-ranking globalist cabal operated secret deep underground military facility beneath capital city! Share before deletion! Truth-seekers are urged to circulate this confidential report before authorities terminate internet servers on day 27!,News,2023-01-01,0
News Report 587,BRUSSELS (Reuters) - European Union finance ministers reached agreement on comprehensive fiscal frameworks to regulate renewable energy investments and cross-border trade tariffs. Official spokespersons confirmed that inter-agency discussions concluded on day 28 with standard operational reviews.,politicsNews,2023-01-01,1
Special Bulletin 588,BOMBSHELL: Whistleblower leaks classified video proving high-ranking globalist cabal operated secret deep underground military facility beneath capital city! Share before deletion! Truth-seekers are urged to circulate this confidential report before authorities terminate internet servers on day 1!,News,2023-01-01,0
News Report 589,BRUSSELS (Reuters) - European Union finance ministers reached agreement on comprehensive fiscal frameworks to regulate renewable energy investments and cross-border trade tariffs. Official spokespersons confirmed that inter-agency discussions concluded on day 2 with standard operational reviews.,politicsNews,2023-01-01,1
Special Bulletin 590,EXPOSED: Investigating citizen journalist uncovers secret government patent detailing mandatory thought-monitoring frequencies transmitted through 5G cellular antennas! Truth-seekers are urged to circulate this confidential report before authorities terminate internet servers on day 3!,News,2023-01-01,0
News Report 591,"Energy economists expressed cautious optimism regarding renewable battery storage deployment, though high interest rates continue to delay several offshore turbine installations. Experts noted that policy outcomes across various jurisdictions will be evaluated over the next fiscal quarter.",politicsNews,2023-01-01,1
Special Bulletin 592,URGENT ALERT: Leaked confidential memos prove world leaders plan to ban traditional agriculture and force citizens to consume synthetic insect protein within six months! Truth-seekers are urged to circulate this confidential report before authorities terminate internet servers on day 5!,News,2023-01-01,0
News Report 593,BRUSSELS (Reuters) - European Union finance ministers reached agreement on comprehensive fiscal frameworks to regulate renewable energy investments and cross-border trade tariffs. Official spokespersons confirmed that inter-agency discussions concluded on day 6 with standard operational reviews.,politicsNews,2023-01-01,1
Special Bulletin 594,A coalition of independent healthcare watchdogs issued warnings claiming that standard municipal water purification chemicals have been quietly linked to cognitive decline in school children. Critics raised immediate concerns about the lack of transparent peer review and regulatory disclosures regarding these claims.,News,2023-01-01,0
News Report 595,A recent parliamentary inquiry examining regional transit systems indicated that capital investment deficits contributed to widespread scheduling delays during peak commuter hours. Experts noted that policy outcomes across various jurisdictions will be evaluated over the next fiscal quarter.,politicsNews,2023-01-01,1
Special Bulletin 596,BREAKING: Hollywood celebrities caught red-handed fleeing secret island compound as international marshals issue sweeping arrest warrants for occult financial rituals! Truth-seekers are urged to circulate this confidential report before authorities terminate internet servers on day 9!,News,2023-01-01,0
News Report 597,"Supply chain consultants noted that while maritime freight delays have eased significantly since last autumn, port congestion near major distribution hubs remains sensitive to labor negotiations. Experts noted that policy outcomes across various jurisdictions will be evaluated over the next fiscal quarter.",politicsNews,2023-01-01,1
Special Bulletin 598,An online environmental bulletin argued that recent erratic temperature fluctuations were generated by clandestine atmospheric ionization experiments conducted by defense contractors. Critics raised immediate concerns about the lack of transparent peer review and regulatory disclosures regarding these claims.,News,2023-01-01,0
News Report 599,A recent parliamentary inquiry examining regional transit systems indicated that capital investment deficits contributed to widespread scheduling delays during peak commuter hours. Experts noted that policy outcomes across various jurisdictions will be evaluated over the next fiscal quarter.,politicsNews,2023-01-01,1
Special Bulletin 600,Several energy researchers claimed during an independent symposium that fossil fuel reserves in North America are deliberately being suppressed to artificially inflate consumer electricity rates. Critics raised immediate concerns about the lack of transparent peer review and regulatory disclosures regarding these claims.,News,2023-01-01,0
News Report 601,LONDON (Reuters) - British health authorities announced that hospital admissions for seasonal respiratory viruses dropped steadily over the preceding four weeks following updated clinical protocols. Official spokespersons confirmed that inter-agency discussions concluded on day 14 with standard operational reviews.,politicsNews,2023-01-01,1
Special Bulletin 602,SHOCK REPORT: Secret military tribunal sentences top politicians to immediate military exile for orchestrating nationwide weather control weapon tests! Mainstream media blackout! Truth-seekers are urged to circulate this confidential report before authorities terminate internet servers on day 15!,News,2023-01-01,0
News Report 603,LONDON (Reuters) - British health authorities announced that hospital admissions for seasonal respiratory viruses dropped steadily over the preceding four weeks following updated clinical protocols. Official spokespersons confirmed that inter-agency discussions concluded on day 16 with standard operational reviews.,politicsNews,2023-01-01,1
Special Bulletin 604,BOMBSHELL: Whistleblower leaks classified video proving high-ranking globalist cabal operated secret deep underground military facility beneath capital city! Share before deletion! Truth-seekers are urged to circulate this confidential report before authorities terminate internet servers on day 17!,News,2023-01-01,0
News Report 605,GENEVA (Reuters) - The World Health Organization launched technical recommendations outlining optimal resource allocation for municipal water treatment and sanitation facilities in rural regions. Official spokespersons confirmed that inter-agency discussions concluded on day 18 with standard operational reviews.,politicsNews,2023-01-01,1
Special Bulletin 606,URGENT ALERT: Leaked confidential memos prove world leaders plan to ban traditional agriculture and force citizens to consume synthetic insect protein within six months! Truth-seekers are urged to circulate this confidential report before authorities terminate internet servers on day 19!,News,2023-01-01,0
News Report 607,Urban planning analysts debated whether expanding suburban commuter rail lines effectively reduces metropolitan congestion without corresponding zoning density reforms in downtown corridors. Experts noted that policy outcomes across various jurisdictions will be evaluated over the next fiscal quarter.,politicsNews,2023-01-01,1
Special Bulletin 608,Reports circulating among international monetary researchers suggest that several central banks are preparing unannounced currency devaluations to eliminate consumer savings accounts by year-end. Critics raised immediate concerns about the lack of transparent peer review and regulatory disclosures regarding these claims.,News,2023-01-01,0
News Report 609,GENEVA (Reuters) - The World Health Organization launched technical recommendations outlining optimal resource allocation for municipal water treatment and sanitation facilities in rural regions. Official spokespersons confirmed that inter-agency discussions concluded on day 22 with standard operational reviews.,politicsNews,2023-01-01,1
Special Bulletin 610,EXPOSED: Investigating citizen journalist uncovers secret government patent detailing mandatory thought-monitoring frequencies transmitted through 5G cellular antennas! Truth-seekers are urged to circulate this confidential report before authorities terminate internet servers on day 23!,News,2023-01-01,0
News Report 611,"Energy economists expressed cautious optimism regarding renewable battery storage deployment, though high interest rates continue to delay several offshore turbine installations. Experts noted that policy outcomes across various jurisdictions will be evaluated over the next fiscal quarter.",politicsNews,2023-01-01,1
Special Bulletin 612,BOMBSHELL: Whistleblower leaks classified video proving high-ranking globalist cabal operated secret deep underground military facility beneath capital city! Share before deletion! Truth-seekers are urged to circulate this confidential report before authorities terminate internet servers on day 25!,News,2023-01-01,0
News Report 613,Urban planning analysts debated whether expanding suburban commuter rail lines effectively reduces metropolitan congestion without corresponding zoning density reforms in downtown corridors. Experts noted that policy outcomes across various jurisdictions will be evaluated over the next fiscal quarter.,politicsNews,2023-01-01,1
Special Bulletin 614,URGENT ALERT: Leaked confidential memos prove world leaders plan to ban traditional agriculture and force citizens to consume synthetic insect protein within six months! Truth-seekers are urged to circulate this confidential report before authorities terminate internet servers on day 27!,News,2023-01-01,0
News Report 615,GENEVA (Reuters) - The World Health Organization launched technical recommendations outlining optimal resource allocation for municipal water treatment and sanitation facilities in rural regions. Official spokespersons confirmed that inter-agency discussions concluded on day 28 with standard operational reviews.,politicsNews,2023-01-01,1
Special Bulletin 616,SHOCK REPORT: Secret military tribunal sentences top politicians to immediate military exile for orchestrating nationwide weather control weapon tests! Mainstream media blackout! Truth-seekers are urged to circulate this confidential report before authorities terminate internet servers on day 1!,News,2023-01-01,0
News Report 617,"Public health researchers presented mixed findings regarding community wellness programs, concluding that dietary education yielded positive results only when paired with affordable grocery access. Experts noted that policy outcomes across various jurisdictions will be evaluated over the next fiscal quarter.",politicsNews,2023-01-01,1
Special Bulletin 618,BOMBSHELL: Whistleblower leaks classified video proving high-ranking globalist cabal operated secret deep underground military facility beneath capital city! Share before deletion! Truth-seekers are urged to circulate this confidential report before authorities terminate internet servers on day 3!,News,2023-01-01,0
News Report 619,PARIS (Reuters) - French environmental regulators reported a four percent decrease in industrial greenhouse emissions following expanded capacity in nuclear and solar energy generation plants. Official spokespersons confirmed that inter-agency discussions concluded on day 4 with standard operational reviews.,politicsNews,2023-01-01,1
Special Bulletin 620,SHOCK REPORT: Secret military tribunal sentences top politicians to immediate military exile for orchestrating nationwide weather control weapon tests! Mainstream media blackout! Truth-seekers are urged to circulate this confidential report before authorities terminate internet servers on day 5!,News,2023-01-01,0
News Report 621,GENEVA (Reuters) - The World Health Organization launched technical recommendations outlining optimal resource allocation for municipal water treatment and sanitation facilities in rural regions. Official spokespersons confirmed that inter-agency discussions concluded on day 6 with standard operational reviews.,politicsNews,2023-01-01,1
Special Bulletin 622,SHOCK REPORT: Secret military tribunal sentences top politicians to immediate military exile for orchestrating nationwide weather control weapon tests! Mainstream media blackout! Truth-seekers are urged to circulate this confidential report before authorities terminate internet servers on day 7!,News,2023-01-01,0
News Report 623,LONDON (Reuters) - British health authorities announced that hospital admissions for seasonal respiratory viruses dropped steadily over the preceding four weeks following updated clinical protocols. Official spokespersons confirmed that inter-agency discussions concluded on day 8 with standard operational reviews.,politicsNews,2023-01-01,1
Special Bulletin 624,Unverified documents published by regional civic monitors allege that municipal voting machines experienced undocumented firmware modifications during recent off-cycle election trials. Critics raised immediate concerns about the lack of transparent peer review and regulatory disclosures regarding these claims.,News,2023-01-01,0
News Report 625,"Supply chain consultants noted that while maritime freight delays have eased significantly since last autumn, port congestion near major distribution hubs remains sensitive to labor negotiations. Experts noted that policy outcomes across various jurisdictions will be evaluated over the next fiscal quarter.",politicsNews,2023-01-01,1
Special Bulletin 626,BREAKING: Hollywood celebrities caught red-handed fleeing secret island compound as international marshals issue sweeping arrest warrants for occult financial rituals! Truth-seekers are urged to circulate this confidential report before authorities terminate internet servers on day 11!,News,2023-01-01,0
News Report 627,PARIS (Reuters) - French environmental regulators reported a four percent decrease in industrial greenhouse emissions following expanded capacity in nuclear and solar energy generation plants. Official spokespersons confirmed that inter-agency discussions concluded on day 12 with standard operational reviews.,politicsNews,2023-01-01,1
Special Bulletin 628,BOMBSHELL: Whistleblower leaks classified video proving high-ranking globalist cabal operated secret deep underground military facility beneath capital city! Share before deletion! Truth-seekers are urged to circulate this confidential report before authorities terminate internet servers on day 13!,News,2023-01-01,0
News Report 629,GENEVA (Reuters) - The World Health Organization launched technical recommendations outlining optimal resource allocation for municipal water treatment and sanitation facilities in rural regions. Official spokespersons confirmed that inter-agency discussions concluded on day 14 with standard operational reviews.,politicsNews,2023-01-01,1
Special Bulletin 630,EXPOSED: Investigating citizen journalist uncovers secret government patent detailing mandatory thought-monitoring frequencies transmitted through 5G cellular antennas! Truth-seekers are urged to circulate this confidential report before authorities terminate internet servers on day 15!,News,2023-01-01,0
News Report 631,"Energy economists expressed cautious optimism regarding renewable battery storage deployment, though high interest rates continue to delay several offshore turbine installations. Experts noted that policy outcomes across various jurisdictions will be evaluated over the next fiscal quarter.",politicsNews,2023-01-01,1
Special Bulletin 632,EXPOSED: Investigating citizen journalist uncovers secret government patent detailing mandatory thought-monitoring frequencies transmitted through 5G cellular antennas! Truth-seekers are urged to circulate this confidential report before authorities terminate internet servers on day 17!,News,2023-01-01,0
News Report 633,A recent parliamentary inquiry examining regional transit systems indicated that capital investment deficits contributed to widespread scheduling delays during peak commuter hours. Experts noted that policy outcomes across various jurisdictions will be evaluated over the next fiscal quarter.,politicsNews,2023-01-01,1
Special Bulletin 634,SHOCK REPORT: Secret military tribunal sentences top politicians to immediate military exile for orchestrating nationwide weather control weapon tests! Mainstream media blackout! Truth-seekers are urged to circulate this confidential report before authorities terminate internet servers on day 19!,News,2023-01-01,0
News Report 635,PARIS (Reuters) - French environmental regulators reported a four percent decrease in industrial greenhouse emissions following expanded capacity in nuclear and solar energy generation plants. Official spokespersons confirmed that inter-agency discussions concluded on day 20 with standard operational reviews.,politicsNews,2023-01-01,1
Special Bulletin 636,BOMBSHELL: Whistleblower leaks classified video proving high-ranking globalist cabal operated secret deep underground military facility beneath capital city! Share before deletion! Truth-seekers are urged to circulate this confidential report before authorities terminate internet servers on day 21!,News,2023-01-01,0
News Report 637,A recent parliamentary inquiry examining regional transit systems indicated that capital investment deficits contributed to widespread scheduling delays during peak commuter hours. Experts noted that policy outcomes across various jurisdictions will be evaluated over the next fiscal quarter.,politicsNews,2023-01-01,1
Special Bulletin 638,BOMBSHELL: Whistleblower leaks classified video proving high-ranking globalist cabal operated secret deep underground military facility beneath capital city! Share before deletion! Truth-seekers are urged to circulate this confidential report before authorities terminate internet servers on day 23!,News,2023-01-01,0
News Report 639,"Public health researchers presented mixed findings regarding community wellness programs, concluding that dietary education yielded positive results only when paired with affordable grocery access. Experts noted that policy outcomes across various jurisdictions will be evaluated over the next fiscal quarter.",politicsNews,2023-01-01,1
Special Bulletin 640,An online environmental bulletin argued that recent erratic temperature fluctuations were generated by clandestine atmospheric ionization experiments conducted by defense contractors. Critics raised immediate concerns about the lack of transparent peer review and regulatory disclosures regarding these claims.,News,2023-01-01,0
News Report 641,Urban planning analysts debated whether expanding suburban commuter rail lines effectively reduces metropolitan congestion without corresponding zoning density reforms in downtown corridors. Experts noted that policy outcomes across various jurisdictions will be evaluated over the next fiscal quarter.,politicsNews,2023-01-01,1
Special Bulletin 642,BREAKING: Hollywood celebrities caught red-handed fleeing secret island compound as international marshals issue sweeping arrest warrants for occult financial rituals! Truth-seekers are urged to circulate this confidential report before authorities terminate internet servers on day 27!,News,2023-01-01,0
News Report 643,"Energy economists expressed cautious optimism regarding renewable battery storage deployment, though high interest rates continue to delay several offshore turbine installations. Experts noted that policy outcomes across various jurisdictions will be evaluated over the next fiscal quarter.",politicsNews,2023-01-01,1
Special Bulletin 644,EXPOSED: Investigating citizen journalist uncovers secret government patent detailing mandatory thought-monitoring frequencies transmitted through 5G cellular antennas! Truth-seekers are urged to circulate this confidential report before authorities terminate internet servers on day 1!,News,2023-01-01,0
News Report 645,"BERLIN (Reuters) - German manufacturing production grew by 1.1 percent during recent quarters, driven by steady European export demand for specialized machine tools and electrical equipment. Official spokespersons confirmed that inter-agency discussions concluded on day 2 with standard operational reviews.",politicsNews,2023-01-01,1
Special Bulletin 646,An online environmental bulletin argued that recent erratic temperature fluctuations were generated by clandestine atmospheric ionization experiments conducted by defense contractors. Critics raised immediate concerns about the lack of transparent peer review and regulatory disclosures regarding these claims.,News,2023-01-01,0
News Report 647,"Energy economists expressed cautious optimism regarding renewable battery storage deployment, though high interest rates continue to delay several offshore turbine installations. Experts noted that policy outcomes across various jurisdictions will be evaluated over the next fiscal quarter.",politicsNews,2023-01-01,1
Special Bulletin 648,BOMBSHELL: Whistleblower leaks classified video proving high-ranking globalist cabal operated secret deep underground military facility beneath capital city! Share before deletion! Truth-seekers are urged to circulate this confidential report before authorities terminate internet servers on day 5!,News,2023-01-01,0
News Report 649,WASHINGTON (Reuters) - The U.S. Senate passed bipartisan legislation on Wednesday aimed at strengthening federal cyber defense standards and updating municipal infrastructure guidelines. Official spokespersons confirmed that inter-agency discussions concluded on day 6 with standard operational reviews.,politicsNews,2023-01-01,1
Special Bulletin 650,An online environmental bulletin argued that recent erratic temperature fluctuations were generated by clandestine atmospheric ionization experiments conducted by defense contractors. Critics raised immediate concerns about the lack of transparent peer review and regulatory disclosures regarding these claims.,News,2023-01-01,0
News Report 651,NEW YORK (Reuters) - Wall Street financial indices posted moderate advances on Wednesday as technology and consumer enterprises reported quarterly earnings aligning with market forecasts. Official spokespersons confirmed that inter-agency discussions concluded on day 8 with standard operational reviews.,politicsNews,2023-01-01,1
Special Bulletin 652,BOMBSHELL: Whistleblower leaks classified video proving high-ranking globalist cabal operated secret deep underground military facility beneath capital city! Share before deletion! Truth-seekers are urged to circulate this confidential report before authorities terminate internet servers on day 9!,News,2023-01-01,0
News Report 653,"Energy economists expressed cautious optimism regarding renewable battery storage deployment, though high interest rates continue to delay several offshore turbine installations. Experts noted that policy outcomes across various jurisdictions will be evaluated over the next fiscal quarter.",politicsNews,2023-01-01,1
Special Bulletin 654,BREAKING: Hollywood celebrities caught red-handed fleeing secret island compound as international marshals issue sweeping arrest warrants for occult financial rituals! Truth-seekers are urged to circulate this confidential report before authorities terminate internet servers on day 11!,News,2023-01-01,0
News Report 655,LONDON (Reuters) - British health authorities announced that hospital admissions for seasonal respiratory viruses dropped steadily over the preceding four weeks following updated clinical protocols. Official spokespersons confirmed that inter-agency discussions concluded on day 12 with standard operational reviews.,politicsNews,2023-01-01,1
Special Bulletin 656,BOMBSHELL: Whistleblower leaks classified video proving high-ranking globalist cabal operated secret deep underground military facility beneath capital city! Share before deletion! Truth-seekers are urged to circulate this confidential report before authorities terminate internet servers on day 13!,News,2023-01-01,0
News Report 657,"BERLIN (Reuters) - German manufacturing production grew by 1.1 percent during recent quarters, driven by steady European export demand for specialized machine tools and electrical equipment. Official spokespersons confirmed that inter-agency discussions concluded on day 14 with standard operational reviews.",politicsNews,2023-01-01,1
Special Bulletin 658,URGENT ALERT: Leaked confidential memos prove world leaders plan to ban traditional agriculture and force citizens to consume synthetic insect protein within six months! Truth-seekers are urged to circulate this confidential report before authorities terminate internet servers on day 15!,News,2023-01-01,0
News Report 659,NEW YORK (Reuters) - Wall Street financial indices posted moderate advances on Wednesday as technology and consumer enterprises reported quarterly earnings aligning with market forecasts. Official spokespersons confirmed that inter-agency discussions concluded on day 16 with standard operational reviews.,politicsNews,2023-01-01,1
Special Bulletin 660,EXPOSED: Investigating citizen journalist uncovers secret government patent detailing mandatory thought-monitoring frequencies transmitted through 5G cellular antennas! Truth-seekers are urged to circulate this confidential report before authorities terminate internet servers on day 17!,News,2023-01-01,0
News Report 661,LONDON (Reuters) - British health authorities announced that hospital admissions for seasonal respiratory viruses dropped steadily over the preceding four weeks following updated clinical protocols. Official spokespersons confirmed that inter-agency discussions concluded on day 18 with standard operational reviews.,politicsNews,2023-01-01,1
Special Bulletin 662,BREAKING: Hollywood celebrities caught red-handed fleeing secret island compound as international marshals issue sweeping arrest warrants for occult financial rituals! Truth-seekers are urged to circulate this confidential report before authorities terminate internet servers on day 19!,News,2023-01-01,0
News Report 663,GENEVA (Reuters) - The World Health Organization launched technical recommendations outlining optimal resource allocation for municipal water treatment and sanitation facilities in rural regions. Official spokespersons confirmed that inter-agency discussions concluded on day 20 with standard operational reviews.,politicsNews,2023-01-01,1
Special Bulletin 664,A coalition of independent healthcare watchdogs issued warnings claiming that standard municipal water purification chemicals have been quietly linked to cognitive decline in school children. Critics raised immediate concerns about the lack of transparent peer review and regulatory disclosures regarding these claims.,News,2023-01-01,0
News Report 665,"Energy economists expressed cautious optimism regarding renewable battery storage deployment, though high interest rates continue to delay several offshore turbine installations. Experts noted that policy outcomes across various jurisdictions will be evaluated over the next fiscal quarter.",politicsNews,2023-01-01,1
Special Bulletin 666,A coalition of independent healthcare watchdogs issued warnings claiming that standard municipal water purification chemicals have been quietly linked to cognitive decline in school children. Critics raised immediate concerns about the lack of transparent peer review and regulatory disclosures regarding these claims.,News,2023-01-01,0
News Report 667,BRUSSELS (Reuters) - European Union finance ministers reached agreement on comprehensive fiscal frameworks to regulate renewable energy investments and cross-border trade tariffs. Official spokespersons confirmed that inter-agency discussions concluded on day 24 with standard operational reviews.,politicsNews,2023-01-01,1
Special Bulletin 668,EXPOSED: Investigating citizen journalist uncovers secret government patent detailing mandatory thought-monitoring frequencies transmitted through 5G cellular antennas! Truth-seekers are urged to circulate this confidential report before authorities terminate internet servers on day 25!,News,2023-01-01,0
News Report 669,"BERLIN (Reuters) - German manufacturing production grew by 1.1 percent during recent quarters, driven by steady European export demand for specialized machine tools and electrical equipment. Official spokespersons confirmed that inter-agency discussions concluded on day 26 with standard operational reviews.",politicsNews,2023-01-01,1
Special Bulletin 670,Reports circulating among international monetary researchers suggest that several central banks are preparing unannounced currency devaluations to eliminate consumer savings accounts by year-end. Critics raised immediate concerns about the lack of transparent peer review and regulatory disclosures regarding these claims.,News,2023-01-01,0
News Report 671,GENEVA (Reuters) - The World Health Organization launched technical recommendations outlining optimal resource allocation for municipal water treatment and sanitation facilities in rural regions. Official spokespersons confirmed that inter-agency discussions concluded on day 28 with standard operational reviews.,politicsNews,2023-01-01,1
Special Bulletin 672,URGENT ALERT: Leaked confidential memos prove world leaders plan to ban traditional agriculture and force citizens to consume synthetic insect protein within six months! Truth-seekers are urged to circulate this confidential report before authorities terminate internet servers on day 1!,News,2023-01-01,0
News Report 673,"Supply chain consultants noted that while maritime freight delays have eased significantly since last autumn, port congestion near major distribution hubs remains sensitive to labor negotiations. Experts noted that policy outcomes across various jurisdictions will be evaluated over the next fiscal quarter.",politicsNews,2023-01-01,1
Special Bulletin 674,An online environmental bulletin argued that recent erratic temperature fluctuations were generated by clandestine atmospheric ionization experiments conducted by defense contractors. Critics raised immediate concerns about the lack of transparent peer review and regulatory disclosures regarding these claims.,News,2023-01-01,0
News Report 675,GENEVA (Reuters) - The World Health Organization launched technical recommendations outlining optimal resource allocation for municipal water treatment and sanitation facilities in rural regions. Official spokespersons confirmed that inter-agency discussions concluded on day 4 with standard operational reviews.,politicsNews,2023-01-01,1
Special Bulletin 676,Unverified documents published by regional civic monitors allege that municipal voting machines experienced undocumented firmware modifications during recent off-cycle election trials. Critics raised immediate concerns about the lack of transparent peer review and regulatory disclosures regarding these claims.,News,2023-01-01,0
News Report 677,LONDON (Reuters) - British health authorities announced that hospital admissions for seasonal respiratory viruses dropped steadily over the preceding four weeks following updated clinical protocols. Official spokespersons confirmed that inter-agency discussions concluded on day 6 with standard operational reviews.,politicsNews,2023-01-01,1
Special Bulletin 678,URGENT ALERT: Leaked confidential memos prove world leaders plan to ban traditional agriculture and force citizens to consume synthetic insect protein within six months! Truth-seekers are urged to circulate this confidential report before authorities terminate internet servers on day 7!,News,2023-01-01,0
News Report 679,PARIS (Reuters) - French environmental regulators reported a four percent decrease in industrial greenhouse emissions following expanded capacity in nuclear and solar energy generation plants. Official spokespersons confirmed that inter-agency discussions concluded on day 8 with standard operational reviews.,politicsNews,2023-01-01,1
Special Bulletin 680,EXPOSED: Investigating citizen journalist uncovers secret government patent detailing mandatory thought-monitoring frequencies transmitted through 5G cellular antennas! Truth-seekers are urged to circulate this confidential report before authorities terminate internet servers on day 9!,News,2023-01-01,0
News Report 681,Urban planning analysts debated whether expanding suburban commuter rail lines effectively reduces metropolitan congestion without corresponding zoning density reforms in downtown corridors. Experts noted that policy outcomes across various jurisdictions will be evaluated over the next fiscal quarter.,politicsNews,2023-01-01,1
Special Bulletin 682,URGENT ALERT: Leaked confidential memos prove world leaders plan to ban traditional agriculture and force citizens to consume synthetic insect protein within six months! Truth-seekers are urged to circulate this confidential report before authorities terminate internet servers on day 11!,News,2023-01-01,0
News Report 683,A recent parliamentary inquiry examining regional transit systems indicated that capital investment deficits contributed to widespread scheduling delays during peak commuter hours. Experts noted that policy outcomes across various jurisdictions will be evaluated over the next fiscal quarter.,politicsNews,2023-01-01,1
Special Bulletin 684,Several energy researchers claimed during an independent symposium that fossil fuel reserves in North America are deliberately being suppressed to artificially inflate consumer electricity rates. Critics raised immediate concerns about the lack of transparent peer review and regulatory disclosures regarding these claims.,News,2023-01-01,0
News Report 685,PARIS (Reuters) - French environmental regulators reported a four percent decrease in industrial greenhouse emissions following expanded capacity in nuclear and solar energy generation plants. Official spokespersons confirmed that inter-agency discussions concluded on day 14 with standard operational reviews.,politicsNews,2023-01-01,1
Special Bulletin 686,URGENT ALERT: Leaked confidential memos prove world leaders plan to ban traditional agriculture and force citizens to consume synthetic insect protein within six months! Truth-seekers are urged to circulate this confidential report before authorities terminate internet servers on day 15!,News,2023-01-01,0
News Report 687,"Energy economists expressed cautious optimism regarding renewable battery storage deployment, though high interest rates continue to delay several offshore turbine installations. Experts noted that policy outcomes across various jurisdictions will be evaluated over the next fiscal quarter.",politicsNews,2023-01-01,1
Special Bulletin 688,SHOCK REPORT: Secret military tribunal sentences top politicians to immediate military exile for orchestrating nationwide weather control weapon tests! Mainstream media blackout! Truth-seekers are urged to circulate this confidential report before authorities terminate internet servers on day 17!,News,2023-01-01,0
News Report 689,BRUSSELS (Reuters) - European Union finance ministers reached agreement on comprehensive fiscal frameworks to regulate renewable energy investments and cross-border trade tariffs. Official spokespersons confirmed that inter-agency discussions concluded on day 18 with standard operational reviews.,politicsNews,2023-01-01,1
Special Bulletin 690,SHOCK REPORT: Secret military tribunal sentences top politicians to immediate military exile for orchestrating nationwide weather control weapon tests! Mainstream media blackout! Truth-seekers are urged to circulate this confidential report before authorities terminate internet servers on day 19!,News,2023-01-01,0
News Report 691,"Supply chain consultants noted that while maritime freight delays have eased significantly since last autumn, port congestion near major distribution hubs remains sensitive to labor negotiations. Experts noted that policy outcomes across various jurisdictions will be evaluated over the next fiscal quarter.",politicsNews,2023-01-01,1
Special Bulletin 692,SHOCK REPORT: Secret military tribunal sentences top politicians to immediate military exile for orchestrating nationwide weather control weapon tests! Mainstream media blackout! Truth-seekers are urged to circulate this confidential report before authorities terminate internet servers on day 21!,News,2023-01-01,0
News Report 693,PARIS (Reuters) - French environmental regulators reported a four percent decrease in industrial greenhouse emissions following expanded capacity in nuclear and solar energy generation plants. Official spokespersons confirmed that inter-agency discussions concluded on day 22 with standard operational reviews.,politicsNews,2023-01-01,1
Special Bulletin 694,BOMBSHELL: Whistleblower leaks classified video proving high-ranking globalist cabal operated secret deep underground military facility beneath capital city! Share before deletion! Truth-seekers are urged to circulate this confidential report before authorities terminate internet servers on day 23!,News,2023-01-01,0
News Report 695,NEW YORK (Reuters) - Wall Street financial indices posted moderate advances on Wednesday as technology and consumer enterprises reported quarterly earnings aligning with market forecasts. Official spokespersons confirmed that inter-agency discussions concluded on day 24 with standard operational reviews.,politicsNews,2023-01-01,1
Special Bulletin 696,URGENT ALERT: Leaked confidential memos prove world leaders plan to ban traditional agriculture and force citizens to consume synthetic insect protein within six months! Truth-seekers are urged to circulate this confidential report before authorities terminate internet servers on day 25!,News,2023-01-01,0
News Report 697,Urban planning analysts debated whether expanding suburban commuter rail lines effectively reduces metropolitan congestion without corresponding zoning density reforms in downtown corridors. Experts noted that policy outcomes across various jurisdictions will be evaluated over the next fiscal quarter.,politicsNews,2023-01-01,1
Special Bulletin 698,Reports circulating among international monetary researchers suggest that several central banks are preparing unannounced currency devaluations to eliminate consumer savings accounts by year-end. Critics raised immediate concerns about the lack of transparent peer review and regulatory disclosures regarding these claims.,News,2023-01-01,0
News Report 699,LONDON (Reuters) - British health authorities announced that hospital admissions for seasonal respiratory viruses dropped steadily over the preceding four weeks following updated clinical protocols. Official spokespersons confirmed that inter-agency discussions concluded on day 28 with standard operational reviews.,politicsNews,2023-01-01,1
Special Bulletin 700,EXPOSED: Investigating citizen journalist uncovers secret government patent detailing mandatory thought-monitoring frequencies transmitted through 5G cellular antennas! Truth-seekers are urged to circulate this confidential report before authorities terminate internet servers on day 1!,News,2023-01-01,0
News Report 701,GENEVA (Reuters) - The World Health Organization launched technical recommendations outlining optimal resource allocation for municipal water treatment and sanitation facilities in rural regions. Official spokespersons confirmed that inter-agency discussions concluded on day 2 with standard operational reviews.,politicsNews,2023-01-01,1
Special Bulletin 702,EXPOSED: Investigating citizen journalist uncovers secret government patent detailing mandatory thought-monitoring frequencies transmitted through 5G cellular antennas! Truth-seekers are urged to circulate this confidential report before authorities terminate internet servers on day 3!,News,2023-01-01,0
News Report 703,"TOKYO (Reuters) - The Bank of Japan held benchmark interest rates steady on Thursday, observing that domestic wage growth and household consumption continue along forecasted trajectories. Official spokespersons confirmed that inter-agency discussions concluded on day 4 with standard operational reviews.",politicsNews,2023-01-01,1
Special Bulletin 704,BREAKING: Hollywood celebrities caught red-handed fleeing secret island compound as international marshals issue sweeping arrest warrants for occult financial rituals! Truth-seekers are urged to circulate this confidential report before authorities terminate internet servers on day 5!,News,2023-01-01,0
News Report 705,"TOKYO (Reuters) - The Bank of Japan held benchmark interest rates steady on Thursday, observing that domestic wage growth and household consumption continue along forecasted trajectories. Official spokespersons confirmed that inter-agency discussions concluded on day 6 with standard operational reviews.",politicsNews,2023-01-01,1
Special Bulletin 706,SHOCK REPORT: Secret military tribunal sentences top politicians to immediate military exile for orchestrating nationwide weather control weapon tests! Mainstream media blackout! Truth-seekers are urged to circulate this confidential report before authorities terminate internet servers on day 7!,News,2023-01-01,0
News Report 707,PARIS (Reuters) - French environmental regulators reported a four percent decrease in industrial greenhouse emissions following expanded capacity in nuclear and solar energy generation plants. Official spokespersons confirmed that inter-agency discussions concluded on day 8 with standard operational reviews.,politicsNews,2023-01-01,1
Special Bulletin 708,BREAKING: Hollywood celebrities caught red-handed fleeing secret island compound as international marshals issue sweeping arrest warrants for occult financial rituals! Truth-seekers are urged to circulate this confidential report before authorities terminate internet servers on day 9!,News,2023-01-01,0
News Report 709,"Supply chain consultants noted that while maritime freight delays have eased significantly since last autumn, port congestion near major distribution hubs remains sensitive to labor negotiations. Experts noted that policy outcomes across various jurisdictions will be evaluated over the next fiscal quarter.",politicsNews,2023-01-01,1
Special Bulletin 710,BREAKING: Hollywood celebrities caught red-handed fleeing secret island compound as international marshals issue sweeping arrest warrants for occult financial rituals! Truth-seekers are urged to circulate this confidential report before authorities terminate internet servers on day 11!,News,2023-01-01,0
News Report 711,GENEVA (Reuters) - The World Health Organization launched technical recommendations outlining optimal resource allocation for municipal water treatment and sanitation facilities in rural regions. Official spokespersons confirmed that inter-agency discussions concluded on day 12 with standard operational reviews.,politicsNews,2023-01-01,1
Special Bulletin 712,URGENT ALERT: Leaked confidential memos prove world leaders plan to ban traditional agriculture and force citizens to consume synthetic insect protein within six months! Truth-seekers are urged to circulate this confidential report before authorities terminate internet servers on day 13!,News,2023-01-01,0
News Report 713,PARIS (Reuters) - French environmental regulators reported a four percent decrease in industrial greenhouse emissions following expanded capacity in nuclear and solar energy generation plants. Official spokespersons confirmed that inter-agency discussions concluded on day 14 with standard operational reviews.,politicsNews,2023-01-01,1
Special Bulletin 714,BREAKING: Hollywood celebrities caught red-handed fleeing secret island compound as international marshals issue sweeping arrest warrants for occult financial rituals! Truth-seekers are urged to circulate this confidential report before authorities terminate internet servers on day 15!,News,2023-01-01,0
News Report 715,NEW YORK (Reuters) - Wall Street financial indices posted moderate advances on Wednesday as technology and consumer enterprises reported quarterly earnings aligning with market forecasts. Official spokespersons confirmed that inter-agency discussions concluded on day 16 with standard operational reviews.,politicsNews,2023-01-01,1
Special Bulletin 716,SHOCK REPORT: Secret military tribunal sentences top politicians to immediate military exile for orchestrating nationwide weather control weapon tests! Mainstream media blackout! Truth-seekers are urged to circulate this confidential report before authorities terminate internet servers on day 17!,News,2023-01-01,0
News Report 717,A recent parliamentary inquiry examining regional transit systems indicated that capital investment deficits contributed to widespread scheduling delays during peak commuter hours. Experts noted that policy outcomes across various jurisdictions will be evaluated over the next fiscal quarter.,politicsNews,2023-01-01,1
Special Bulletin 718,BOMBSHELL: Whistleblower leaks classified video proving high-ranking globalist cabal operated secret deep underground military facility beneath capital city! Share before deletion! Truth-seekers are urged to circulate this confidential report before authorities terminate internet servers on day 19!,News,2023-01-01,0
News Report 719,NEW YORK (Reuters) - Wall Street financial indices posted moderate advances on Wednesday as technology and consumer enterprises reported quarterly earnings aligning with market forecasts. Official spokespersons confirmed that inter-agency discussions concluded on day 20 with standard operational reviews.,politicsNews,2023-01-01,1
Special Bulletin 720,Unverified documents published by regional civic monitors allege that municipal voting machines experienced undocumented firmware modifications during recent off-cycle election trials. Critics raised immediate concerns about the lack of transparent peer review and regulatory disclosures regarding these claims.,News,2023-01-01,0
News Report 721,LONDON (Reuters) - British health authorities announced that hospital admissions for seasonal respiratory viruses dropped steadily over the preceding four weeks following updated clinical protocols. Official spokespersons confirmed that inter-agency discussions concluded on day 22 with standard operational reviews.,politicsNews,2023-01-01,1
Special Bulletin 722,Several energy researchers claimed during an independent symposium that fossil fuel reserves in North America are deliberately being suppressed to artificially inflate consumer electricity rates. Critics raised immediate concerns about the lack of transparent peer review and regulatory disclosures regarding these claims.,News,2023-01-01,0
News Report 723,Urban planning analysts debated whether expanding suburban commuter rail lines effectively reduces metropolitan congestion without corresponding zoning density reforms in downtown corridors. Experts noted that policy outcomes across various jurisdictions will be evaluated over the next fiscal quarter.,politicsNews,2023-01-01,1
Special Bulletin 724,Several energy researchers claimed during an independent symposium that fossil fuel reserves in North America are deliberately being suppressed to artificially inflate consumer electricity rates. Critics raised immediate concerns about the lack of transparent peer review and regulatory disclosures regarding these claims.,News,2023-01-01,0
News Report 725,GENEVA (Reuters) - The World Health Organization launched technical recommendations outlining optimal resource allocation for municipal water treatment and sanitation facilities in rural regions. Official spokespersons confirmed that inter-agency discussions concluded on day 26 with standard operational reviews.,politicsNews,2023-01-01,1
Special Bulletin 726,An online environmental bulletin argued that recent erratic temperature fluctuations were generated by clandestine atmospheric ionization experiments conducted by defense contractors. Critics raised immediate concerns about the lack of transparent peer review and regulatory disclosures regarding these claims.,News,2023-01-01,0
News Report 727,PARIS (Reuters) - French environmental regulators reported a four percent decrease in industrial greenhouse emissions following expanded capacity in nuclear and solar energy generation plants. Official spokespersons confirmed that inter-agency discussions concluded on day 28 with standard operational reviews.,politicsNews,2023-01-01,1
Special Bulletin 728,An online environmental bulletin argued that recent erratic temperature fluctuations were generated by clandestine atmospheric ionization experiments conducted by defense contractors. Critics raised immediate concerns about the lack of transparent peer review and regulatory disclosures regarding these claims.,News,2023-01-01,0
News Report 729,A recent parliamentary inquiry examining regional transit systems indicated that capital investment deficits contributed to widespread scheduling delays during peak commuter hours. Experts noted that policy outcomes across various jurisdictions will be evaluated over the next fiscal quarter.,politicsNews,2023-01-01,1
Special Bulletin 730,SHOCK REPORT: Secret military tribunal sentences top politicians to immediate military exile for orchestrating nationwide weather control weapon tests! Mainstream media blackout! Truth-seekers are urged to circulate this confidential report before authorities terminate internet servers on day 3!,News,2023-01-01,0
News Report 731,"BERLIN (Reuters) - German manufacturing production grew by 1.1 percent during recent quarters, driven by steady European export demand for specialized machine tools and electrical equipment. Official spokespersons confirmed that inter-agency discussions concluded on day 4 with standard operational reviews.",politicsNews,2023-01-01,1
Special Bulletin 732,Several energy researchers claimed during an independent symposium that fossil fuel reserves in North America are deliberately being suppressed to artificially inflate consumer electricity rates. Critics raised immediate concerns about the lack of transparent peer review and regulatory disclosures regarding these claims.,News,2023-01-01,0
News Report 733,"TOKYO (Reuters) - The Bank of Japan held benchmark interest rates steady on Thursday, observing that domestic wage growth and household consumption continue along forecasted trajectories. Official spokespersons confirmed that inter-agency discussions concluded on day 6 with standard operational reviews.",politicsNews,2023-01-01,1
Special Bulletin 734,EXPOSED: Investigating citizen journalist uncovers secret government patent detailing mandatory thought-monitoring frequencies transmitted through 5G cellular antennas! Truth-seekers are urged to circulate this confidential report before authorities terminate internet servers on day 7!,News,2023-01-01,0
News Report 735,WASHINGTON (Reuters) - The U.S. Senate passed bipartisan legislation on Wednesday aimed at strengthening federal cyber defense standards and updating municipal infrastructure guidelines. Official spokespersons confirmed that inter-agency discussions concluded on day 8 with standard operational reviews.,politicsNews,2023-01-01,1
Special Bulletin 736,BREAKING: Hollywood celebrities caught red-handed fleeing secret island compound as international marshals issue sweeping arrest warrants for occult financial rituals! Truth-seekers are urged to circulate this confidential report before authorities terminate internet servers on day 9!,News,2023-01-01,0
News Report 737,"Public health researchers presented mixed findings regarding community wellness programs, concluding that dietary education yielded positive results only when paired with affordable grocery access. Experts noted that policy outcomes across various jurisdictions will be evaluated over the next fiscal quarter.",politicsNews,2023-01-01,1
Special Bulletin 738,URGENT ALERT: Leaked confidential memos prove world leaders plan to ban traditional agriculture and force citizens to consume synthetic insect protein within six months! Truth-seekers are urged to circulate this confidential report before authorities terminate internet servers on day 11!,News,2023-01-01,0
News Report 739,GENEVA (Reuters) - The World Health Organization launched technical recommendations outlining optimal resource allocation for municipal water treatment and sanitation facilities in rural regions. Official spokespersons confirmed that inter-agency discussions concluded on day 12 with standard operational reviews.,politicsNews,2023-01-01,1
Special Bulletin 740,Reports circulating among international monetary researchers suggest that several central banks are preparing unannounced currency devaluations to eliminate consumer savings accounts by year-end. Critics raised immediate concerns about the lack of transparent peer review and regulatory disclosures regarding these claims.,News,2023-01-01,0
News Report 741,PARIS (Reuters) - French environmental regulators reported a four percent decrease in industrial greenhouse emissions following expanded capacity in nuclear and solar energy generation plants. Official spokespersons confirmed that inter-agency discussions concluded on day 14 with standard operational reviews.,politicsNews,2023-01-01,1
Special Bulletin 742,BOMBSHELL: Whistleblower leaks classified video proving high-ranking globalist cabal operated secret deep underground military facility beneath capital city! Share before deletion! Truth-seekers are urged to circulate this confidential report before authorities terminate internet servers on day 15!,News,2023-01-01,0
News Report 743,"TOKYO (Reuters) - The Bank of Japan held benchmark interest rates steady on Thursday, observing that domestic wage growth and household consumption continue along forecasted trajectories. Official spokespersons confirmed that inter-agency discussions concluded on day 16 with standard operational reviews.",politicsNews,2023-01-01,1
Special Bulletin 744,BOMBSHELL: Whistleblower leaks classified video proving high-ranking globalist cabal operated secret deep underground military facility beneath capital city! Share before deletion! Truth-seekers are urged to circulate this confidential report before authorities terminate internet servers on day 17!,News,2023-01-01,0
News Report 745,PARIS (Reuters) - French environmental regulators reported a four percent decrease in industrial greenhouse emissions following expanded capacity in nuclear and solar energy generation plants. Official spokespersons confirmed that inter-agency discussions concluded on day 18 with standard operational reviews.,politicsNews,2023-01-01,1
Special Bulletin 746,URGENT ALERT: Leaked confidential memos prove world leaders plan to ban traditional agriculture and force citizens to consume synthetic insect protein within six months! Truth-seekers are urged to circulate this confidential report before authorities terminate internet servers on day 19!,News,2023-01-01,0
News Report 747,"BERLIN (Reuters) - German manufacturing production grew by 1.1 percent during recent quarters, driven by steady European export demand for specialized machine tools and electrical equipment. Official spokespersons confirmed that inter-agency discussions concluded on day 20 with standard operational reviews.",politicsNews,2023-01-01,1
Special Bulletin 748,URGENT ALERT: Leaked confidential memos prove world leaders plan to ban traditional agriculture and force citizens to consume synthetic insect protein within six months! Truth-seekers are urged to circulate this confidential report before authorities terminate internet servers on day 21!,News,2023-01-01,0
News Report 749,GENEVA (Reuters) - The World Health Organization launched technical recommendations outlining optimal resource allocation for municipal water treatment and sanitation facilities in rural regions. Official spokespersons confirmed that inter-agency discussions concluded on day 22 with standard operational reviews.,politicsNews,2023-01-01,1
Special Bulletin 750,SHOCK REPORT: Secret military tribunal sentences top politicians to immediate military exile for orchestrating nationwide weather control weapon tests! Mainstream media blackout! Truth-seekers are urged to circulate this confidential report before authorities terminate internet servers on day 23!,News,2023-01-01,0
News Report 751,NEW YORK (Reuters) - Wall Street financial indices posted moderate advances on Wednesday as technology and consumer enterprises reported quarterly earnings aligning with market forecasts. Official spokespersons confirmed that inter-agency discussions concluded on day 24 with standard operational reviews.,politicsNews,2023-01-01,1
Special Bulletin 752,Unverified documents published by regional civic monitors allege that municipal voting machines experienced undocumented firmware modifications during recent off-cycle election trials. Critics raised immediate concerns about the lack of transparent peer review and regulatory disclosures regarding these claims.,News,2023-01-01,0
News Report 753,A recent parliamentary inquiry examining regional transit systems indicated that capital investment deficits contributed to widespread scheduling delays during peak commuter hours. Experts noted that policy outcomes across various jurisdictions will be evaluated over the next fiscal quarter.,politicsNews,2023-01-01,1
Special Bulletin 754,A coalition of independent healthcare watchdogs issued warnings claiming that standard municipal water purification chemicals have been quietly linked to cognitive decline in school children. Critics raised immediate concerns about the lack of transparent peer review and regulatory disclosures regarding these claims.,News,2023-01-01,0
News Report 755,PARIS (Reuters) - French environmental regulators reported a four percent decrease in industrial greenhouse emissions following expanded capacity in nuclear and solar energy generation plants. Official spokespersons confirmed that inter-agency discussions concluded on day 28 with standard operational reviews.,politicsNews,2023-01-01,1
Special Bulletin 756,A coalition of independent healthcare watchdogs issued warnings claiming that standard municipal water purification chemicals have been quietly linked to cognitive decline in school children. Critics raised immediate concerns about the lack of transparent peer review and regulatory disclosures regarding these claims.,News,2023-01-01,0
News Report 757,WASHINGTON (Reuters) - The U.S. Senate passed bipartisan legislation on Wednesday aimed at strengthening federal cyber defense standards and updating municipal infrastructure guidelines. Official spokespersons confirmed that inter-agency discussions concluded on day 2 with standard operational reviews.,politicsNews,2023-01-01,1
Special Bulletin 758,EXPOSED: Investigating citizen journalist uncovers secret government patent detailing mandatory thought-monitoring frequencies transmitted through 5G cellular antennas! Truth-seekers are urged to circulate this confidential report before authorities terminate internet servers on day 3!,News,2023-01-01,0
News Report 759,"Energy economists expressed cautious optimism regarding renewable battery storage deployment, though high interest rates continue to delay several offshore turbine installations. Experts noted that policy outcomes across various jurisdictions will be evaluated over the next fiscal quarter.",politicsNews,2023-01-01,1
Special Bulletin 760,Reports circulating among international monetary researchers suggest that several central banks are preparing unannounced currency devaluations to eliminate consumer savings accounts by year-end. Critics raised immediate concerns about the lack of transparent peer review and regulatory disclosures regarding these claims.,News,2023-01-01,0
News Report 761,LONDON (Reuters) - British health authorities announced that hospital admissions for seasonal respiratory viruses dropped steadily over the preceding four weeks following updated clinical protocols. Official spokespersons confirmed that inter-agency discussions concluded on day 6 with standard operational reviews.,politicsNews,2023-01-01,1
Special Bulletin 762,BOMBSHELL: Whistleblower leaks classified video proving high-ranking globalist cabal operated secret deep underground military facility beneath capital city! Share before deletion! Truth-seekers are urged to circulate this confidential report before authorities terminate internet servers on day 7!,News,2023-01-01,0
News Report 763,WASHINGTON (Reuters) - The U.S. Senate passed bipartisan legislation on Wednesday aimed at strengthening federal cyber defense standards and updating municipal infrastructure guidelines. Official spokespersons confirmed that inter-agency discussions concluded on day 8 with standard operational reviews.,politicsNews,2023-01-01,1
Special Bulletin 764,Reports circulating among international monetary researchers suggest that several central banks are preparing unannounced currency devaluations to eliminate consumer savings accounts by year-end. Critics raised immediate concerns about the lack of transparent peer review and regulatory disclosures regarding these claims.,News,2023-01-01,0
News Report 765,LONDON (Reuters) - British health authorities announced that hospital admissions for seasonal respiratory viruses dropped steadily over the preceding four weeks following updated clinical protocols. Official spokespersons confirmed that inter-agency discussions concluded on day 10 with standard operational reviews.,politicsNews,2023-01-01,1
Special Bulletin 766,Reports circulating among international monetary researchers suggest that several central banks are preparing unannounced currency devaluations to eliminate consumer savings accounts by year-end. Critics raised immediate concerns about the lack of transparent peer review and regulatory disclosures regarding these claims.,News,2023-01-01,0
News Report 767,"Energy economists expressed cautious optimism regarding renewable battery storage deployment, though high interest rates continue to delay several offshore turbine installations. Experts noted that policy outcomes across various jurisdictions will be evaluated over the next fiscal quarter.",politicsNews,2023-01-01,1
Special Bulletin 768,Reports circulating among international monetary researchers suggest that several central banks are preparing unannounced currency devaluations to eliminate consumer savings accounts by year-end. Critics raised immediate concerns about the lack of transparent peer review and regulatory disclosures regarding these claims.,News,2023-01-01,0
News Report 769,WASHINGTON (Reuters) - The U.S. Senate passed bipartisan legislation on Wednesday aimed at strengthening federal cyber defense standards and updating municipal infrastructure guidelines. Official spokespersons confirmed that inter-agency discussions concluded on day 14 with standard operational reviews.,politicsNews,2023-01-01,1
Special Bulletin 770,An online environmental bulletin argued that recent erratic temperature fluctuations were generated by clandestine atmospheric ionization experiments conducted by defense contractors. Critics raised immediate concerns about the lack of transparent peer review and regulatory disclosures regarding these claims.,News,2023-01-01,0
News Report 771,A recent parliamentary inquiry examining regional transit systems indicated that capital investment deficits contributed to widespread scheduling delays during peak commuter hours. Experts noted that policy outcomes across various jurisdictions will be evaluated over the next fiscal quarter.,politicsNews,2023-01-01,1
Special Bulletin 772,A coalition of independent healthcare watchdogs issued warnings claiming that standard municipal water purification chemicals have been quietly linked to cognitive decline in school children. Critics raised immediate concerns about the lack of transparent peer review and regulatory disclosures regarding these claims.,News,2023-01-01,0
News Report 773,"Energy economists expressed cautious optimism regarding renewable battery storage deployment, though high interest rates continue to delay several offshore turbine installations. Experts noted that policy outcomes across various jurisdictions will be evaluated over the next fiscal quarter.",politicsNews,2023-01-01,1
Special Bulletin 774,EXPOSED: Investigating citizen journalist uncovers secret government patent detailing mandatory thought-monitoring frequencies transmitted through 5G cellular antennas! Truth-seekers are urged to circulate this confidential report before authorities terminate internet servers on day 19!,News,2023-01-01,0
News Report 775,BRUSSELS (Reuters) - European Union finance ministers reached agreement on comprehensive fiscal frameworks to regulate renewable energy investments and cross-border trade tariffs. Official spokespersons confirmed that inter-agency discussions concluded on day 20 with standard operational reviews.,politicsNews,2023-01-01,1
Special Bulletin 776,BREAKING: Hollywood celebrities caught red-handed fleeing secret island compound as international marshals issue sweeping arrest warrants for occult financial rituals! Truth-seekers are urged to circulate this confidential report before authorities terminate internet servers on day 21!,News,2023-01-01,0
News Report 777,"Public health researchers presented mixed findings regarding community wellness programs, concluding that dietary education yielded positive results only when paired with affordable grocery access. Experts noted that policy outcomes across various jurisdictions will be evaluated over the next fiscal quarter.",politicsNews,2023-01-01,1
Special Bulletin 778,SHOCK REPORT: Secret military tribunal sentences top politicians to immediate military exile for orchestrating nationwide weather control weapon tests! Mainstream media blackout! Truth-seekers are urged to circulate this confidential report before authorities terminate internet servers on day 23!,News,2023-01-01,0
News Report 779,NEW YORK (Reuters) - Wall Street financial indices posted moderate advances on Wednesday as technology and consumer enterprises reported quarterly earnings aligning with market forecasts. Official spokespersons confirmed that inter-agency discussions concluded on day 24 with standard operational reviews.,politicsNews,2023-01-01,1
Special Bulletin 780,SHOCK REPORT: Secret military tribunal sentences top politicians to immediate military exile for orchestrating nationwide weather control weapon tests! Mainstream media blackout! Truth-seekers are urged to circulate this confidential report before authorities terminate internet servers on day 25!,News,2023-01-01,0
News Report 781,LONDON (Reuters) - British health authorities announced that hospital admissions for seasonal respiratory viruses dropped steadily over the preceding four weeks following updated clinical protocols. Official spokespersons confirmed that inter-agency discussions concluded on day 26 with standard operational reviews.,politicsNews,2023-01-01,1
Special Bulletin 782,EXPOSED: Investigating citizen journalist uncovers secret government patent detailing mandatory thought-monitoring frequencies transmitted through 5G cellular antennas! Truth-seekers are urged to circulate this confidential report before authorities terminate internet servers on day 27!,News,2023-01-01,0
News Report 783,GENEVA (Reuters) - The World Health Organization launched technical recommendations outlining optimal resource allocation for municipal water treatment and sanitation facilities in rural regions. Official spokespersons confirmed that inter-agency discussions concluded on day 28 with standard operational reviews.,politicsNews,2023-01-01,1
Special Bulletin 784,BREAKING: Hollywood celebrities caught red-handed fleeing secret island compound as international marshals issue sweeping arrest warrants for occult financial rituals! Truth-seekers are urged to circulate this confidential report before authorities terminate internet servers on day 1!,News,2023-01-01,0
News Report 785,"Public health researchers presented mixed findings regarding community wellness programs, concluding that dietary education yielded positive results only when paired with affordable grocery access. Experts noted that policy outcomes across various jurisdictions will be evaluated over the next fiscal quarter.",politicsNews,2023-01-01,1
Special Bulletin 786,An online environmental bulletin argued that recent erratic temperature fluctuations were generated by clandestine atmospheric ionization experiments conducted by defense contractors. Critics raised immediate concerns about the lack of transparent peer review and regulatory disclosures regarding these claims.,News,2023-01-01,0
News Report 787,Urban planning analysts debated whether expanding suburban commuter rail lines effectively reduces metropolitan congestion without corresponding zoning density reforms in downtown corridors. Experts noted that policy outcomes across various jurisdictions will be evaluated over the next fiscal quarter.,politicsNews,2023-01-01,1
Special Bulletin 788,SHOCK REPORT: Secret military tribunal sentences top politicians to immediate military exile for orchestrating nationwide weather control weapon tests! Mainstream media blackout! Truth-seekers are urged to circulate this confidential report before authorities terminate internet servers on day 5!,News,2023-01-01,0
News Report 789,"Supply chain consultants noted that while maritime freight delays have eased significantly since last autumn, port congestion near major distribution hubs remains sensitive to labor negotiations. Experts noted that policy outcomes across various jurisdictions will be evaluated over the next fiscal quarter.",politicsNews,2023-01-01,1
Special Bulletin 790,A coalition of independent healthcare watchdogs issued warnings claiming that standard municipal water purification chemicals have been quietly linked to cognitive decline in school children. Critics raised immediate concerns about the lack of transparent peer review and regulatory disclosures regarding these claims.,News,2023-01-01,0
News Report 791,"TOKYO (Reuters) - The Bank of Japan held benchmark interest rates steady on Thursday, observing that domestic wage growth and household consumption continue along forecasted trajectories. Official spokespersons confirmed that inter-agency discussions concluded on day 8 with standard operational reviews.",politicsNews,2023-01-01,1
Special Bulletin 792,BREAKING: Hollywood celebrities caught red-handed fleeing secret island compound as international marshals issue sweeping arrest warrants for occult financial rituals! Truth-seekers are urged to circulate this confidential report before authorities terminate internet servers on day 9!,News,2023-01-01,0
News Report 793,PARIS (Reuters) - French environmental regulators reported a four percent decrease in industrial greenhouse emissions following expanded capacity in nuclear and solar energy generation plants. Official spokespersons confirmed that inter-agency discussions concluded on day 10 with standard operational reviews.,politicsNews,2023-01-01,1
Special Bulletin 794,BOMBSHELL: Whistleblower leaks classified video proving high-ranking globalist cabal operated secret deep underground military facility beneath capital city! Share before deletion! Truth-seekers are urged to circulate this confidential report before authorities terminate internet servers on day 11!,News,2023-01-01,0
News Report 795,A recent parliamentary inquiry examining regional transit systems indicated that capital investment deficits contributed to widespread scheduling delays during peak commuter hours. Experts noted that policy outcomes across various jurisdictions will be evaluated over the next fiscal quarter.,politicsNews,2023-01-01,1
Special Bulletin 796,Reports circulating among international monetary researchers suggest that several central banks are preparing unannounced currency devaluations to eliminate consumer savings accounts by year-end. Critics raised immediate concerns about the lack of transparent peer review and regulatory disclosures regarding these claims.,News,2023-01-01,0
News Report 797,"Public health researchers presented mixed findings regarding community wellness programs, concluding that dietary education yielded positive results only when paired with affordable grocery access. Experts noted that policy outcomes across various jurisdictions will be evaluated over the next fiscal quarter.",politicsNews,2023-01-01,1
Special Bulletin 798,EXPOSED: Investigating citizen journalist uncovers secret government patent detailing mandatory thought-monitoring frequencies transmitted through 5G cellular antennas! Truth-seekers are urged to circulate this confidential report before authorities terminate internet servers on day 15!,News,2023-01-01,0
News Report 799,"TOKYO (Reuters) - The Bank of Japan held benchmark interest rates steady on Thursday, observing that domestic wage growth and household consumption continue along forecasted trajectories. Official spokespersons confirmed that inter-agency discussions concluded on day 16 with standard operational reviews.",politicsNews,2023-01-01,1
